date,bank_holiday,feature_0,feature_1,feature_2,feature_3,feature_4,feature_5,feature_6,feature_7,school_holiday,feature_8,feature_9,feature_10,label
2005-03-20,0,0,0,0,3.2,6.7,1.7,3.7,0,0,0,0,0,915
2005-03-21,0,0,0,0,3.2,6.7,1.7,3.7,0,3,0,0,0,1057
2005-03-22,0,0,0,0,3.2,6.7,1.7,3.7,0,3,0,0,0,1482
2005-03-23,0,0,0,0,3.2,6.7,1.7,3.7,0,3,0,0,0,1883
2005-03-24,0,0,0,0,3.2,6.7,1.7,3.7,0,3,0,0,0,1790
2005-03-25,3,0,0,0,3.2,6.7,1.7,3.7,0,3,0,0,0,2193
2005-03-26,0,0,0,0,3.2,6.7,1.7,3.7,0,3,0,0,0,1481
2005-03-27,0,0,0,0,3.2,6.7,1.7,3.7,0,3,0,0,0,865
2005-03-28,3,0,0,0,3.2,6.7,1.7,3.7,0,3,0,0,0,1942
2005-03-29,0,0,0,0,3.2,6.7,1.7,3.7,0,3,0,0,0,2753
2005-03-30,0,0,0,0,3.2,6.7,1.7,3.7,0,3,0,0,0,3160
2005-03-31,0,0,0,0,3.2,6.7,1.7,3.7,0,3,0,0,0,3135
2005-04-01,0,0,0,0,3.2,6.7,1.7,3.7,0,3,0,0,0,2054
2005-04-02,0,0,0,0,3.2,6.7,1.7,3.7,0,3,0,0,0,1529
2005-04-03,0,0,0,0,3.2,6.7,1.7,3.7,0,0,0,0,0,1699
2005-04-04,0,0,0,0,3.2,6.7,1.7,3.7,0,0,0,0,0,817
2005-04-05,0,0,0,0,3.2,6.7,1.7,3.7,0,0,0,0,0,718
2005-04-06,0,0,0,0,3.2,6.7,1.7,3.7,0,0,0,0,0,726
2005-04-07,0,0,0,0,3.2,6.7,1.7,3.7,0,0,0,0,0,638
2005-04-08,0,0,0,0,3.2,6.7,1.7,3.7,0,0,0,0,0,1089
2005-04-09,0,0,0,0,3.2,6.7,1.7,3.7,0,0,0,0,0,1941
2005-04-10,0,0,0,0,3.2,6.7,1.7,3.7,0,0,0,0,0,2590
2005-04-11,0,0,0,0,3.2,6.7,1.7,3.7,0,0,0,0,0,912
2005-04-12,0,0,0,0,3.2,6.7,1.7,3.7,0,0,0,0,0,589
2005-04-13,0,0,0,0,3.2,6.7,1.7,3.7,0,0,0,0,0,793
2005-04-14,0,0,0,0,3.2,6.7,1.7,3.7,0,0,0,0,0,585
2005-04-15,0,0,0,0,3.2,6.7,1.7,3.7,0,0,0,0,0,1015
2005-04-16,0,0,0,0,3.2,6.7,1.7,3.7,0,0,0,0,0,1658
2005-04-17,0,0,0,0,3.2,6.7,1.7,3.7,0,0,0,0,0,2033
2005-04-18,0,0,0,0,3.2,6.7,1.7,3.7,0,0,0,0,0,847
2005-04-19,0,0,0,0,3.2,6.7,1.7,3.7,0,0,0,0,0,692
2005-04-20,0,0,0,0,3.2,6.7,1.7,3.7,0,0,0,0,0,736
2005-04-21,0,0,0,0,3.2,6.7,1.7,3.7,0,0,0,0,0,657
2005-04-22,0,0,0,0,3.2,6.7,1.7,3.7,0,0,0,0,0,888
2005-04-23,0,0,0,0,3.2,6.7,1.7,3.7,0,0,0,0,0,1216
2005-04-24,0,0,0,0,3.2,6.7,1.7,3.7,0,0,0,0,0,1230
2005-04-25,0,0,0,0,3.2,6.7,1.7,3.7,0,0,0,0,0,763
2005-04-26,0,0,0,0,3.2,6.7,1.7,3.7,0,0,0,0,0,612
2005-04-27,0,0,0,0,3.2,6.7,1.7,3.7,0,0,0,0,0,771
2005-04-28,0,0,0,0,3.2,6.7,1.7,3.7,0,0,0,0,0,681
2005-04-29,0,0,0,0,3.2,6.7,1.7,3.7,0,0,0,0,0,903
2005-04-30,0,0,0,0,3.2,6.7,1.7,3.7,0,0,0,0,0,937
2005-05-01,3,0,0,0,3.2,6.7,1.7,3.7,0,0,0,0,0,1085
2005-05-02,0,0,0,0,3.2,6.7,1.7,3.7,0,0,0,0,0,759
2005-05-03,0,0,0,0,3.2,6.7,1.7,3.7,0,0,0,0,0,616
2005-05-04,0,0,0,0,3.2,6.7,1.7,3.7,0,0,0,0,0,855
2005-05-05,3,0,0,0,3.2,6.7,1.7,3.7,0,0,0,0,0,1291
2005-05-06,0,0,0,0,3.2,6.7,1.7,3.7,0,1,0,0,0,1695
2005-05-07,0,0,0,0,3.2,6.7,1.7,3.7,0,0,0,0,0,1594
2005-05-08,0,0,1,0,3.2,6.7,1.7,3.7,0,0,0,0,0,1249
2005-05-09,0,0,1,0,3.2,6.7,1.7,3.7,0,0,0,0,0,771
2005-05-10,0,0,1,0,3.2,6.7,1.7,3.7,0,0,0,0,0,549
2005-05-11,0,0,1,0,3.2,6.7,1.7,3.7,0,0,0,0,0,638
2005-05-12,0,0,1,0,3.2,6.7,1.7,3.7,0,0,0,0,0,526
2005-05-13,0,0,1,0,3.2,6.7,1.7,3.7,0,0,0,0,0,656
2005-05-14,0,0,0,0,3.2,6.7,1.7,3.7,0,0,0,0,0,913
2005-05-15,0,0,0,0,3.2,6.7,1.7,3.7,0,0,0,0,1,1472
2005-05-16,3,0,0,0,3.2,6.7,1.7,3.7,0,0,0,0,1,1702
2005-05-17,0,0,0,0,3.2,6.7,1.7,3.7,0,0,0,0,1,600
2005-05-18,0,0,0,0,3.2,6.7,1.7,3.7,0,0,0,0,1,714
2005-05-19,0,0,0,0,3.2,6.7,1.7,3.7,0,0,0,0,1,600
2005-05-20,0,0,0,0,3.2,6.7,1.7,3.7,0,0,0,0,1,685
2005-05-21,0,0,0,0,3.2,6.7,1.7,3.7,0,0,0,0,1,1009
2005-05-22,0,0,0,0,3.2,6.7,1.7,3.7,0,0,0,0,1,1456
2005-05-23,0,0,0,0,3.2,6.7,1.7,3.7,0,0,0,0,1,693
2005-05-24,0,0,0,0,3.2,6.7,1.7,3.7,0,0,0,0,1,582
2005-05-25,0,0,0,0,3.2,6.7,1.7,3.7,0,1,0,0,1,1462
2005-05-26,2,0,0,0,3.2,6.7,1.7,3.7,0,1,0,0,1,1878
2005-05-27,0,0,0,0,3.2,6.7,1.7,3.7,0,1,0,0,1,2445
2005-05-28,0,0,0,0,3.2,6.7,1.7,3.7,0,1,0,0,0,2621
2005-05-29,0,0,0,0,3.2,6.7,1.7,3.7,0,0,0,0,0,2262
2005-05-30,0,0,0,0,3.2,6.7,1.7,3.7,0,0,0,0,0,626
2005-05-31,0,0,0,0,3.2,6.7,1.7,3.7,0,0,0,0,0,637
2005-06-01,0,0,0,0,3.2,6.7,1.7,3.7,0,0,0,0,0,628
2005-06-02,0,0,0,0,3.2,6.7,1.7,3.7,0,0,0,0,0,672
2005-06-03,0,0,0,0,3.2,6.7,1.7,3.7,0,0,0,0,0,855
2005-06-04,0,0,0,0,3.2,6.7,1.7,3.7,0,0,0,0,0,1242
2005-06-05,0,0,0,0,3.2,6.7,1.7,3.7,0,0,0,0,0,1916
2005-06-06,0,0,0,0,3.2,6.7,1.7,3.7,0,0,0,0,0,1387
2005-06-07,0,0,0,0,3.2,6.7,1.7,3.7,0,0,0,0,0,513
2005-06-08,0,0,0,0,3.2,6.7,1.7,3.7,0,0,0,0,0,643
2005-06-09,0,0,0,0,3.2,6.7,1.7,3.7,0,0,0,0,0,675
2005-06-10,0,0,0,0,3.2,6.7,1.7,3.7,0,0,0,0,0,562
2005-06-11,0,0,0,0,3.2,6.7,1.7,3.7,0,0,0,0,0,1224
2005-06-12,0,0,0,0,3.2,6.7,1.7,3.7,0,0,0,0,0,1705
2005-06-13,0,0,0,0,3.2,6.7,1.7,3.7,0,0,0,0,0,724
2005-06-14,0,0,0,0,3.2,6.7,1.7,3.7,0,0,0,0,0,601
2005-06-15,0,0,0,0,3.2,6.7,1.7,3.7,0,0,0,0,0,857
2005-06-16,0,0,0,0,3.2,6.7,1.7,3.7,0,0,0,0,0,729
2005-06-17,0,0,0,0,3.2,6.7,1.7,3.7,0,0,0,0,0,731
2005-06-18,0,0,0,0,3.2,6.7,1.7,3.7,0,0,0,0,0,1415
2005-06-19,0,0,0,0,3.2,6.7,1.7,3.7,0,0,0,0,0,3761
2005-06-20,0,0,0,0,3.2,6.7,1.7,3.7,0,0,0,0,0,1827
2005-06-21,0,0,0,0,3.2,6.7,1.7,3.7,0,0,0,0,0,983
2005-06-22,0,0,0,0,3.2,6.7,1.7,3.7,0,0,0,0,0,880
2005-06-23,0,0,0,0,3.2,6.7,1.7,3.7,0,0,0,0,0,1669
2005-06-24,0,0,0,0,3.2,6.7,1.7,3.7,0,0,0,0,0,1486
2005-06-25,0,0,0,0,3.2,6.7,1.7,3.7,0,0,0,0,0,1529
2005-06-26,0,0,0,0,3.2,6.7,1.7,3.7,0,0,0,0,0,2011
2005-06-27,0,0,0,0,3.2,6.7,1.7,3.7,0,0,0,0,0,1028
2005-06-28,0,0,0,0,3.2,6.7,1.7,3.7,0,0,0,0,0,907
2005-06-29,0,0,0,0,3.2,6.7,1.7,3.7,0,0,0,0,0,851
2005-06-30,0,0,0,0,3.2,6.7,1.7,3.7,0,0,0,0,0,619
2005-07-01,0,0,0,0,3.2,6.7,1.7,3.7,0,0,0,0,0,784
2005-07-02,0,0,0,0,3.2,6.7,1.7,3.7,0,0,0,0,0,1050
2005-07-03,0,0,0,0,3.2,6.7,1.7,3.7,0,0,0,0,0,1589
2005-07-04,0,0,0,0,3.2,6.7,1.7,3.7,0,0,0,0,0,1094
2005-07-05,0,0,0,0,3.2,6.7,1.7,3.7,0,0,0,0,0,829
2005-07-06,0,0,0,0,3.2,6.7,1.7,3.7,0,0,0,0,0,981
2005-07-07,0,0,0,0,3.2,6.7,1.7,3.7,0,2,0,0,0,759
2005-07-08,0,0,0,0,3.2,6.7,1.7,3.7,0,2,0,0,0,938
2005-07-09,0,0,0,0,3.2,6.7,1.7,3.7,0,2,0,0,0,1155
2005-07-10,0,0,0,0,3.2,6.7,1.7,3.7,0,2,0,0,0,2171
2005-07-11,0,0,0,0,3.2,6.7,1.7,3.7,0,2,0,0,0,1361
2005-07-12,0,0,0,0,3.2,6.7,1.7,3.7,0,2,0,0,0,1619
2005-07-13,0,0,0,0,3.2,6.7,1.7,3.7,0,2,0,0,0,1620
2005-07-14,0,0,0,0,3.2,6.7,1.7,3.7,0,3,0,0,0,2047
2005-07-15,0,0,0,0,3.2,6.7,1.7,3.7,0,3,0,0,0,1689
2005-07-16,0,0,0,0,3.2,6.7,1.7,3.7,0,3,0,0,0,1406
2005-07-17,0,0,0,0,3.2,6.7,1.7,3.7,0,3,0,0,0,1990
2005-07-18,0,0,0,0,3.2,6.7,1.7,3.7,0,3,0,0,0,1897
2005-07-19,0,0,0,0,3.2,6.7,1.7,3.7,0,3,0,0,0,1407
2005-07-20,0,0,0,0,3.2,6.7,1.7,3.7,0,3,0,0,0,1550
2005-07-21,0,0,0,0,3.2,6.7,1.7,3.7,0,3,0,0,0,1724
2005-07-22,0,0,0,0,3.2,6.7,1.7,3.7,0,3,0,0,0,1597
2005-07-23,0,0,0,0,3.2,6.7,1.7,3.7,0,3,0,0,0,1500
2005-07-24,0,0,0,0,3.2,6.7,1.7,3.7,0,3,0,0,0,2088
2005-07-25,0,0,0,0,3.2,6.7,1.7,3.7,0,3,0,0,0,1548
2005-07-26,0,0,0,0,3.2,6.7,1.7,3.7,0,3,0,0,0,2169
2005-07-27,0,0,0,0,3.2,6.7,1.7,3.7,0,3,0,0,0,1948
2005-07-28,0,0,0,0,3.2,6.7,1.7,3.7,0,3,0,0,0,2579
2005-07-29,0,0,0,0,3.2,6.7,1.7,3.7,0,3,0,0,0,1990
2005-07-30,0,0,0,0,3.2,6.7,1.7,3.7,0,3,0,0,0,1612
2005-07-31,0,0,0,0,3.2,6.7,1.7,3.7,0,3,0,0,0,2408
2005-08-01,0,0,0,0,3.2,6.7,1.7,3.7,0,3,0,0,0,1513
2005-08-02,0,0,0,0,3.2,6.7,1.7,3.7,0,3,0,0,0,1877
2005-08-03,0,0,0,0,3.2,6.7,1.7,3.7,0,3,0,0,0,1999
2005-08-04,0,0,0,0,3.2,6.7,1.7,3.7,0,3,0,0,0,1950
2005-08-05,0,0,0,0,3.2,6.7,1.7,3.7,0,3,0,0,0,1785
2005-08-06,0,0,0,0,3.2,6.7,1.7,3.7,0,3,0,0,0,1920
2005-08-07,0,0,0,0,3.2,6.7,1.7,3.7,0,3,0,0,0,2623
2005-08-08,0,0,0,0,3.2,6.7,1.7,3.7,0,3,0,0,0,1888
2005-08-09,0,0,0,0,3.2,6.7,1.7,3.7,0,3,0,0,0,2328
2005-08-10,0,0,0,0,3.2,6.7,1.7,3.7,0,3,0,0,0,2407
2005-08-11,0,0,0,0,3.2,6.7,1.7,3.7,0,3,0,0,0,2455
2005-08-12,0,0,0,0,3.2,6.7,1.7,3.7,0,3,0,0,0,2011
2005-08-13,0,0,0,0,3.2,6.7,1.7,3.7,0,3,0,0,0,1681
2005-08-14,0,0,0,0,3.2,6.7,1.7,3.7,0,3,0,0,0,2780
2005-08-15,0,0,0,0,3.2,6.7,1.7,3.7,0,3,0,0,0,1951
2005-08-16,0,0,0,0,3.2,6.7,1.7,3.7,0,3,0,0,0,2044
2005-08-17,0,0,0,0,3.2,6.7,1.7,3.7,0,3,0,0,0,2293
2005-08-18,0,0,0,0,3.2,6.7,1.7,3.7,0,3,0,0,0,2948
2005-08-19,0,0,0,0,3.2,6.7,1.7,3.7,0,3,0,0,0,2684
2005-08-20,0,0,0,0,3.2,6.7,1.7,3.7,0,1,0,0,0,1721
2005-08-21,0,0,0,0,3.2,6.7,1.7,3.7,0,1,0,0,0,2095
2005-08-22,0,0,0,0,3.2,6.7,1.7,3.7,0,1,0,0,0,1838
2005-08-23,0,0,0,0,3.2,6.7,1.7,3.7,0,1,0,0,0,2445
2005-08-24,0,0,0,0,3.2,6.7,1.7,3.7,0,1,0,0,0,2511
2005-08-25,0,0,0,0,3.2,6.7,1.7,3.7,0,0,0,0,0,725
2005-08-26,0,0,0,0,3.2,6.7,1.7,3.7,0,0,0,0,0,759
2005-08-27,0,0,0,0,3.2,6.7,1.7,3.7,0,0,0,0,0,888
2005-08-28,0,0,0,0,3.2,6.7,1.7,3.7,0,0,0,0,0,1433
2005-08-29,0,0,0,0,3.2,6.7,1.7,3.7,0,0,0,0,0,877
2005-08-30,0,0,0,0,3.2,6.7,1.7,3.7,0,0,0,0,0,991
2005-08-31,0,0,0,0,3.2,6.7,1.7,3.7,0,0,0,0,0,1618
2005-09-01,0,0,0,0,3.2,6.7,1.7,3.7,0,0,0,0,0,1303
2005-09-02,0,0,0,0,3.2,6.7,1.7,3.7,0,0,0,0,0,747
2005-09-03,0,0,0,0,3.2,6.7,1.7,3.7,0,0,0,0,0,1180
2005-09-04,0,0,0,0,3.2,6.7,1.7,3.7,0,0,0,0,0,1933
2005-09-05,0,0,0,0,3.2,6.7,1.7,3.7,0,0,0,0,0,985
2005-09-06,0,0,0,0,3.2,6.7,1.7,3.7,0,0,0,0,0,1036
2005-09-07,0,0,0,0,3.2,6.7,1.7,3.7,0,0,0,0,0,1051
2005-09-08,0,0,0,0,3.2,6.7,1.7,3.7,0,0,0,0,0,1155
2005-09-09,0,0,0,0,3.2,6.7,1.7,3.7,0,0,0,0,0,850
2005-09-10,0,0,0,0,3.2,6.7,1.7,3.7,0,0,0,0,0,1405
2005-09-11,0,0,0,0,3.2,6.7,1.7,3.7,0,0,0,0,0,1549
2005-09-12,0,0,0,0,3.2,6.7,1.7,3.7,0,0,0,0,0,608
2005-09-13,0,0,0,0,3.2,6.7,1.7,3.7,0,0,0,0,0,604
2005-09-14,0,0,0,0,3.2,6.7,1.7,3.7,0,0,0,0,0,591
2005-09-15,0,0,0,0,3.2,6.7,1.7,3.7,0,0,0,0,0,558
2005-09-16,0,0,0,0,3.2,6.7,1.7,3.7,0,0,0,0,0,731
2005-09-17,0,0,0,0,3.2,6.7,1.7,3.7,0,0,0,0,0,1260
2005-09-18,0,0,0,0,3.2,6.7,1.7,3.7,0,0,0,0,0,1167
2005-09-19,0,0,0,0,3.2,6.7,1.7,3.7,0,0,0,0,0,609
2005-09-20,0,0,0,0,3.2,6.7,1.7,3.7,0,0,0,0,0,479
2005-09-21,0,0,0,0,3.2,6.7,1.7,3.7,0,0,0,0,0,528
2005-09-22,0,0,0,0,3.2,6.7,1.7,3.7,0,0,0,0,0,584
2005-09-23,0,0,0,0,3.2,6.7,1.7,3.7,0,0,0,0,0,641
2005-09-24,0,0,0,0,3.2,6.7,1.7,3.7,0,0,0,0,0,1112
2005-09-25,0,0,0,0,3.2,6.7,1.7,3.7,0,0,0,0,0,1508
2005-09-26,0,0,0,0,3.2,6.7,1.7,3.7,0,0,0,0,0,672
2005-09-27,0,0,0,0,3.2,6.7,1.7,3.7,0,0,0,0,0,482
2005-09-28,0,0,0,0,3.2,6.7,1.7,3.7,0,0,0,0,0,535
2005-09-29,0,0,0,0,3.2,6.7,1.7,3.7,0,0,0,0,0,523
2005-09-30,0,0,0,0,3.2,6.7,1.7,3.7,0,0,0,0,0,584
2005-10-01,0,0,0,0,3.2,6.7,1.7,3.7,0,0,0,0,0,1221
2005-10-02,0,0,0,0,3.2,6.7,1.7,3.7,0,0,0,0,0,1671
2005-10-03,3,0,0,0,3.2,6.7,1.7,3.7,0,0,0,0,0,1690
2005-10-04,0,0,0,0,3.2,6.7,1.7,3.7,0,2,0,0,0,589
2005-10-05,0,0,0,0,3.2,6.7,1.7,3.7,0,2,0,0,0,850
2005-10-06,0,0,0,0,3.2,6.7,1.7,3.7,0,2,0,0,0,615
2005-10-07,0,0,0,0,3.2,6.7,1.7,3.7,0,2,0,0,0,674
2005-10-08,0,0,0,0,3.2,6.7,1.7,3.7,0,2,0,0,0,752
2005-10-09,0,0,0,0,3.2,6.7,1.7,3.7,0,2,0,0,0,1370
2005-10-10,0,0,0,0,3.2,6.7,1.7,3.7,0,2,0,0,0,823
2005-10-11,0,0,0,0,3.2,6.7,1.7,3.7,0,2,0,0,0,784
2005-10-12,0,0,0,0,3.2,6.7,1.7,3.7,0,2,0,0,0,795
2005-10-13,0,0,0,0,3.2,6.7,1.7,3.7,0,2,0,0,0,738
2005-10-14,0,0,0,0,3.2,6.7,1.7,3.7,0,2,0,0,0,813
2005-10-15,0,0,0,0,3.2,6.7,1.7,3.7,0,2,0,0,0,1116
2005-10-16,0,0,0,0,3.2,6.7,1.7,3.7,0,0,0,0,0,1582
2005-10-17,0,0,0,0,3.2,6.7,1.7,3.7,0,1,0,0,0,959
2005-10-18,0,0,0,0,3.2,6.7,1.7,3.7,0,1,0,0,0,925
2005-10-19,0,0,0,0,3.2,6.7,1.7,3.7,0,1,0,0,0,1135
2005-10-20,0,0,0,0,3.2,6.7,1.7,3.7,0,1,0,0,0,1087
2005-10-21,0,0,0,0,3.2,6.7,1.7,3.7,0,1,0,0,0,1014
2005-10-22,0,0,0,0,3.2,6.7,1.7,3.7,0,1,0,0,0,1161
2005-10-23,0,0,0,0,3.2,6.7,1.7,3.7,0,1,0,0,0,1764
2005-10-24,0,0,0,0,3.2,6.7,1.7,3.7,0,1,0,0,0,1495
2005-10-25,0,0,0,0,3.2,6.7,1.7,3.7,0,1,0,0,0,1343
2005-10-26,0,0,0,0,3.2,6.7,1.7,3.7,0,1,0,0,0,1448
2005-10-27,0,0,0,0,3.2,6.7,1.7,3.7,0,1,0,0,0,1200
2005-10-28,0,0,0,0,3.2,6.7,1.7,3.7,0,1,0,0,0,1123
2005-10-29,0,0,0,0,3.2,6.7,1.7,3.7,0,1,0,0,0,1076
2005-10-30,0,0,0,0,3.2,6.7,1.7,3.7,0,0,0,0,0,1344
2005-10-31,0,0,0,0,3.2,6.7,1.7,3.7,0,0,0,0,0,929
2005-11-01,2,0,0,0,3.2,6.7,1.7,3.7,0,0,0,0,0,1012
2005-11-02,0,0,0,0,3.2,6.7,1.7,3.7,0,0,0,0,0,556
2005-11-03,0,0,0,0,3.2,6.7,1.7,3.7,0,0,0,0,0,483
2005-11-04,0,0,0,0,3.2,6.7,1.7,3.7,0,0,0,0,0,682
2005-11-05,0,0,0,0,3.2,6.7,1.7,3.7,0,0,0,0,0,990
2005-11-06,0,0,0,0,3.2,6.7,1.7,3.7,0,0,0,0,0,1425
2005-11-07,0,0,0,0,3.2,6.7,1.7,3.7,0,0,0,0,0,660
2005-11-08,0,0,0,0,3.2,6.7,1.7,3.7,0,0,0,0,0,508
2005-11-09,0,0,0,0,3.2,6.7,1.7,3.7,0,0,0,0,0,515
2005-11-10,0,0,0,0,3.2,6.7,1.7,3.7,0,0,0,0,0,411
2005-11-11,0,0,0,0,3.2,6.7,1.7,3.7,0,0,0,0,0,659
2005-11-12,0,0,0,0,3.2,6.7,1.7,3.7,0,0,0,0,0,1610
2005-11-13,0,0,0,0,3.2,6.7,1.7,3.7,0,0,0,0,0,2587
2005-11-14,0,0,0,0,3.2,6.7,1.7,3.7,0,0,0,0,0,649
2005-11-15,0,0,0,0,3.2,6.7,1.7,3.7,0,0,0,0,0,461
2005-11-16,0,0,0,0,3.2,6.7,1.7,3.7,0,0,0,0,0,529
2005-11-17,0,0,0,0,3.2,6.7,1.7,3.7,0,0,0,0,0,384
2005-11-18,0,0,0,0,3.2,6.7,1.7,3.7,0,0,0,0,0,567
2005-11-19,0,0,0,0,3.2,6.7,1.7,3.7,0,0,0,0,0,908
2005-11-20,0,0,0,0,3.2,6.7,1.7,3.7,0,0,0,0,0,1394
2005-11-21,0,0,0,0,3.2,6.7,1.7,3.7,0,0,0,0,0,576
2005-11-22,0,0,0,0,3.2,6.7,1.7,3.7,0,0,0,0,0,421
2005-11-23,0,0,0,0,3.2,6.7,1.7,3.7,0,0,0,0,0,482
2005-11-24,0,0,0,0,3.2,6.7,1.7,3.7,0,0,0,0,0,405
2005-11-25,0,0,0,0,3.2,6.7,1.7,3.7,0,0,0,0,0,142
2005-11-26,0,0,0,0,3.2,6.7,1.7,3.7,0,0,0,0,0,274
2005-11-27,0,0,0,0,3.2,6.7,1.7,3.7,0,0,0,0,0,538
2005-11-28,0,0,0,0,3.2,6.7,1.7,3.7,0,0,0,0,0,521
2005-11-29,0,0,0,0,3.2,6.7,1.7,3.7,0,0,0,0,0,372
2005-11-30,0,0,0,0,3.2,6.7,1.7,3.7,0,0,0,0,0,429
2005-12-01,0,0,0,0,3.2,6.7,1.7,3.7,0,0,0,0,0,434
2005-12-02,0,0,0,0,3.2,6.7,1.7,3.7,0,0,0,0,0,530
2005-12-03,0,0,0,0,3.2,6.7,1.7,3.7,0,0,0,0,0,830
2005-12-04,0,0,0,0,3.2,6.7,1.7,3.7,0,0,0,0,0,1096
2005-12-05,0,0,0,0,3.2,6.7,1.7,3.7,0,0,0,0,0,609
2005-12-06,0,0,0,0,3.2,6.7,1.7,3.7,0,0,0,0,0,362
2005-12-07,0,0,0,0,3.2,6.7,1.7,3.7,0,0,0,0,0,463
2005-12-08,0,0,0,0,3.2,6.7,1.7,3.7,0,0,0,0,0,405
2005-12-09,0,0,0,0,3.2,6.7,1.7,3.7,0,0,0,0,0,454
2005-12-10,0,0,0,0,3.2,6.7,1.7,3.7,0,0,0,0,0,886
2005-12-11,0,0,0,0,3.2,6.7,1.7,3.7,0,0,0,0,0,1347
2005-12-12,0,0,0,0,3.2,6.7,1.7,3.7,0,0,0,0,0,596
2005-12-13,0,0,0,0,3.2,6.7,1.7,3.7,0,0,0,0,0,412
2005-12-14,0,0,0,0,3.2,6.7,1.7,3.7,0,0,0,0,0,439
2005-12-15,0,0,0,0,3.2,6.7,1.7,3.7,0,0,0,0,0,376
2005-12-16,0,0,0,0,3.2,6.7,1.7,3.7,0,0,0,0,0,487
2005-12-17,0,0,0,0,3.2,6.7,1.7,3.7,0,0,0,0,0,789
2005-12-18,0,0,0,0,3.2,6.7,1.7,3.7,0,0,0,0,0,936
2005-12-19,0,0,0,0,3.2,6.7,1.7,3.7,0,0,0,0,0,581
2005-12-20,0,0,0,0,3.2,6.7,1.7,3.7,0,0,0,0,0,386
2005-12-21,0,0,0,0,3.2,6.7,1.7,3.7,0,0,0,0,0,430
2005-12-22,0,0,0,0,3.2,6.7,1.7,3.7,0,0,0,0,0,423
2005-12-23,0,0,0,0,3.2,6.7,1.7,3.7,0,1,0,0,0,739
2005-12-24,0,0,0,0,3.2,6.7,1.7,3.7,0,3,0,0,0,320
2005-12-26,3,0,0,0,3.2,6.7,1.7,3.7,0,3,0,0,0,668
2005-12-27,0,0,0,0,3.2,6.7,1.7,3.7,0,3,0,0,0,1241
2005-12-28,0,0,0,0,3.2,6.7,1.7,3.7,0,3,0,0,0,1790
2005-12-29,0,0,0,0,3.2,6.7,1.7,3.7,0,3,0,0,0,1595
2005-12-30,0,0,0,0,3.2,6.7,1.7,3.7,0,3,0,0,0,1613
2005-12-31,0,0,0,0,3.2,6.7,1.7,3.7,0,3,0,0,0,617
2006-01-01,3,0,0,0,3.2,6.7,1.7,3.7,0,3,0,0,0,524
2006-01-02,0,0,0,0,3.2,6.7,1.7,3.7,0,3,0,0,0,2020
2006-01-03,0,0,0,0,3.2,6.7,1.7,3.7,0,3,0,0,0,2004
2006-01-04,0,0,0,0,3.2,6.7,1.7,3.7,0,3,0,0,0,2151
2006-01-05,0,0,0,0,3.2,6.7,1.7,3.7,0,3,0,0,0,2170
2006-01-06,0,0,0,0,3.2,6.7,1.7,3.7,0,3,0,0,0,1929
2006-01-07,0,0,0,0,3.2,6.7,1.7,3.7,0,0,0,0,0,1683
2006-01-08,0,0,0,0,3.2,6.7,1.7,3.7,0,0,0,0,0,2087
2006-01-09,0,0,0,0,3.2,6.7,1.7,3.7,0,0,0,0,0,588
2006-01-10,0,0,0,0,3.2,6.7,1.7,3.7,0,0,0,0,0,513
2006-01-11,0,0,0,0,3.2,6.7,1.7,3.7,0,0,0,0,0,634
2006-01-12,0,0,0,0,3.2,6.7,1.7,3.7,0,0,0,0,0,551
2006-01-13,0,0,0,0,3.2,6.7,1.7,3.7,0,0,0,0,0,871
2006-01-14,0,0,0,0,3.2,6.7,1.7,3.7,0,0,0,0,0,1709
2006-01-15,0,0,0,0,3.2,6.7,1.7,3.7,0,0,0,0,0,2178
2006-01-16,0,0,0,0,3.2,6.7,1.7,3.7,0,0,0,0,0,820
2006-01-17,0,0,0,0,3.2,6.7,1.7,3.7,0,0,0,0,0,541
2006-01-18,0,0,0,0,3.2,6.7,1.7,3.7,0,0,0,0,0,736
2006-01-19,0,0,0,0,3.2,6.7,1.7,3.7,0,0,0,0,0,647
2006-01-20,0,0,0,0,3.2,6.7,1.7,3.7,0,0,0,0,0,1014
2006-01-21,0,0,0,0,3.2,6.7,1.7,3.7,0,0,0,0,0,1770
2006-01-22,0,0,0,0,3.2,6.7,1.7,3.7,0,0,0,0,0,2166
2006-01-23,0,0,0,0,3.2,6.7,1.7,3.7,0,0,0,0,0,1035
2006-01-24,0,0,0,0,3.2,6.7,1.7,3.7,0,0,0,0,0,609
2006-01-25,0,0,0,0,3.2,6.7,1.7,3.7,0,0,0,0,0,631
2006-01-26,0,0,0,0,3.2,6.7,1.7,3.7,0,0,0,0,0,613
2006-01-27,0,1,0,0,3.2,6.7,1.7,3.7,0,0,0,0,0,1284
2006-01-28,0,1,0,0,3.2,6.7,1.7,3.7,0,0,0,0,0,1725
2006-01-29,0,0,0,0,3.2,6.7,1.7,3.7,0,0,0,0,0,2131
2006-01-30,0,0,0,0,3.2,6.7,1.7,3.7,0,1,0,0,0,2137
2006-01-31,0,0,0,0,3.2,6.7,1.7,3.7,0,1,0,0,0,1542
2006-02-01,0,0,0,0,3.2,6.7,1.7,3.7,0,0,0,0,0,633
2006-02-02,0,0,0,0,3.2,6.7,1.7,3.7,0,0,0,0,0,628
2006-02-03,0,0,0,0,3.2,6.7,1.7,3.7,0,0,0,0,0,899
2006-02-04,0,1,0,0,3.2,6.7,1.7,3.7,0,0,0,0,0,1623
2006-02-05,0,1,0,0,3.2,6.7,1.7,3.7,0,0,0,0,0,2069
2006-02-06,0,0,0,0,3.2,6.7,1.7,3.7,0,0,0,0,0,902
2006-02-07,0,0,0,0,3.2,6.7,1.7,3.7,0,0,0,0,0,597
2006-02-08,0,0,0,0,3.2,6.7,1.7,3.7,0,0,0,0,0,745
2006-02-09,0,0,0,0,3.2,6.7,1.7,3.7,0,0,0,0,0,707
2006-02-10,0,0,0,0,3.2,6.7,1.7,3.7,0,0,0,0,0,1409
2006-02-11,0,1,0,0,3.2,6.7,1.7,3.7,0,0,0,0,0,1590
2006-02-12,0,1,0,0,3.2,6.7,1.7,3.7,0,0,0,0,0,1876
2006-02-13,0,0,0,0,3.2,6.7,1.7,3.7,0,0,0,0,0,834
2006-02-14,0,0,0,0,3.2,6.7,1.7,3.7,0,0,0,0,0,677
2006-02-15,0,0,0,0,3.2,6.7,1.7,3.7,0,0,0,0,0,693
2006-02-16,0,0,0,0,3.2,6.7,1.7,3.7,0,0,0,0,0,581
2006-02-17,0,0,0,0,3.2,6.7,1.7,3.7,0,0,0,0,0,984
2006-02-18,0,0,0,0,3.2,6.7,1.7,3.7,0,0,0,0,0,1372
2006-02-19,0,0,0,0,3.2,6.7,1.7,3.7,0,0,0,0,0,2031
2006-02-20,0,0,0,0,3.2,6.7,1.7,3.7,0,0,0,0,0,831
2006-02-21,0,0,0,0,3.2,6.7,1.7,3.7,0,0,0,0,0,605
2006-02-22,0,0,0,0,3.2,6.7,1.7,3.7,0,0,0,0,0,743
2006-02-23,0,0,0,0,3.2,6.7,1.7,3.7,0,0,0,0,0,539
2006-02-24,0,0,0,0,3.2,6.7,1.7,3.7,0,0,0,0,0,749
2006-02-25,0,0,0,0,3.2,6.7,1.7,3.7,0,0,0,0,0,1277
2006-02-26,0,1,0,0,3.2,6.7,1.7,3.7,0,0,0,0,0,1604
2006-02-27,0,0,0,0,3.2,6.7,1.7,3.7,0,0,0,0,0,1127
2006-02-28,0,0,0,0,3.2,6.7,1.7,3.7,0,0,0,0,0,574
2006-03-01,0,0,0,0,3.2,6.7,1.7,3.7,0,0,0,0,0,653
2006-03-02,0,0,0,0,3.2,6.7,1.7,3.7,0,0,0,0,0,555
2006-03-03,0,0,0,0,3.2,6.7,1.7,3.7,0,0,0,0,0,853
2006-03-04,0,0,0,0,3.2,6.7,1.7,3.7,0,0,0,0,0,1611
2006-03-05,0,0,0,0,3.2,6.7,1.7,3.7,0,0,0,0,0,1878
2006-03-06,0,0,0,0,3.2,6.7,1.7,3.7,0,0,0,0,0,759
2006-03-07,0,0,0,0,3.2,6.7,1.7,3.7,0,0,0,0,0,546
2006-03-08,0,0,0,0,3.2,6.7,1.7,3.7,0,0,0,0,0,703
2006-03-09,0,0,0,0,3.2,6.7,1.7,3.7,0,0,0,0,0,657
2006-03-10,0,0,0,0,3.2,6.7,1.7,3.7,0,0,0,0,0,852
2006-03-11,0,0,0,0,3.2,6.7,1.7,3.7,0,0,0,0,0,1611
2006-03-12,0,0,0,0,3.2,6.7,1.7,3.7,0,0,0,0,0,1950
2006-03-13,0,0,0,0,3.2,6.7,1.7,3.7,0,0,0,0,0,838
2006-03-14,0,0,0,0,3.2,6.7,1.7,3.7,0,0,0,0,0,581
2006-03-15,0,0,0,0,3.2,6.7,1.7,3.7,0,0,0,0,0,694
2006-03-16,0,0,0,0,3.2,6.7,1.7,3.7,0,0,0,0,0,610
2006-03-17,0,0,0,0,3.2,6.7,1.7,3.7,0,0,0,0,0,869
2006-03-18,0,0,0,0,3.2,6.7,1.7,3.7,0,0,0,0,0,1425
2006-03-19,0,0,0,0,3.2,6.7,1.7,3.7,0,0,0,0,0,1941
2006-03-20,0,0,0,0,3.2,6.7,1.7,3.7,0,0,0,0,0,809
2006-03-21,0,0,0,0,3.2,6.7,1.7,3.7,0,0,0,0,0,607
2006-03-22,0,0,0,0,3.2,6.7,1.7,3.7,0,0,0,0,0,727
2006-03-23,0,0,0,0,3.2,6.7,1.7,3.7,0,0,0,0,0,563
2006-03-24,0,0,0,0,3.2,6.7,1.7,3.7,0,0,0,0,0,914
2006-03-25,0,1,0,0,3.2,6.7,1.7,3.7,0,0,0,0,0,1997
2006-03-26,0,1,0,0,3.2,6.7,1.7,3.7,0,0,0,0,0,2293
2006-03-27,0,0,0,0,3.2,6.7,1.7,3.7,0,0,0,0,0,766
2006-03-28,0,0,0,0,3.2,6.7,1.7,3.7,0,0,0,0,0,695
2006-03-29,0,0,0,0,3.2,6.7,1.7,3.7,0,0,0,0,0,640
2006-03-30,0,0,0,0,3.2,6.7,1.7,3.7,0,0,0,0,0,719
2006-03-31,0,0,0,0,3.2,6.7,1.7,3.7,0,0,0,0,0,750
2006-04-01,0,1,0,0,3.2,6.7,1.7,3.7,0,0,0,0,0,1374
2006-04-02,0,0,0,0,3.2,6.7,1.7,3.7,0,0,0,0,0,1583
2006-04-03,0,0,0,0,3.2,6.7,1.7,3.7,0,1,0,0,0,1350
2006-04-04,0,0,0,0,3.2,6.7,1.7,3.7,0,1,0,0,0,1183
2006-04-05,0,0,0,0,3.2,6.7,1.7,3.7,0,1,0,0,0,1237
2006-04-06,0,0,0,0,3.2,6.7,1.7,3.7,0,1,0,0,0,1104
2006-04-07,0,0,0,0,3.2,6.7,1.7,3.7,0,1,0,0,0,1072
2006-04-08,0,1,0,0,3.2,6.7,1.7,3.7,0,1,0,0,0,1274
2006-04-09,0,0,0,0,3.2,6.7,1.7,3.7,0,1,0,0,0,1647
2006-04-10,0,0,0,0,3.2,6.7,1.7,3.7,0,3,0,0,0,1739
2006-04-11,0,0,0,0,3.2,6.7,1.7,3.7,0,3,0,0,0,1641
2006-04-12,0,0,0,0,3.2,6.7,1.7,3.7,0,3,0,0,0,2264
2006-04-13,0,0,0,0,3.2,6.7,1.7,3.7,0,3,0,0,0,1742
2006-04-14,3,0,0,0,3.2,6.7,1.7,3.7,0,3,0,0,0,1535
2006-04-15,0,0,0,0,3.2,6.7,1.7,3.7,0,3,0,0,0,1189
2006-04-16,0,0,0,0,3.2,6.7,1.7,3.7,0,3,0,0,0,842
2006-04-17,3,0,0,0,3.2,6.7,1.7,3.7,0,3,0,0,0,1484
2006-04-18,0,0,0,0,3.2,6.7,1.7,3.7,0,3,0,0,0,1768
2006-04-19,0,0,0,0,3.2,6.7,1.7,3.7,0,2,0,0,0,1410
2006-04-20,0,0,0,0,3.2,6.7,1.7,3.7,0,2,0,0,0,1363
2006-04-21,0,0,0,0,3.2,6.7,1.7,3.7,0,2,0,0,0,1116
2006-04-22,0,0,0,0,3.2,6.7,1.7,3.7,0,2,0,0,0,1381
2006-04-23,0,0,0,0,3.2,6.7,1.7,3.7,0,0,0,0,0,1873
2006-04-24,0,0,0,0,3.2,6.7,1.7,3.7,0,0,0,0,0,658
2006-04-25,0,0,0,0,3.2,6.7,1.7,3.7,0,0,0,0,0,555
2006-04-26,0,0,0,0,3.2,6.7,1.7,3.7,0,0,0,0,0,609
2006-04-27,0,0,0,0,3.2,6.7,1.7,3.7,0,0,0,0,0,640
2006-04-28,0,0,0,0,3.2,6.7,1.7,3.7,0,0,0,0,0,655
2006-04-29,0,0,0,0,3.2,6.7,1.7,3.7,0,0,0,0,0,1121
2006-04-30,0,0,0,0,3.2,6.7,1.7,3.7,0,0,0,0,0,1745
2006-05-01,3,0,0,0,3.2,6.7,1.7,3.7,0,0,0,0,0,1186
2006-05-02,0,0,0,0,3.2,6.7,1.7,3.7,0,0,0,0,0,518
2006-05-03,0,0,0,0,3.2,6.7,1.7,3.7,0,0,0,0,0,703
2006-05-04,0,0,0,0,3.2,6.7,1.7,3.7,0,0,0,0,0,658
2006-05-05,0,0,0,0,3.2,6.7,1.7,3.7,0,0,0,0,0,834
2006-05-06,0,0,0,0,3.2,6.7,1.7,3.7,0,0,0,0,0,1275
2006-05-07,0,0,0,0,3.2,6.7,1.7,3.7,0,0,0,0,0,1436
2006-05-08,0,0,1,1,3.2,6.7,1.7,3.7,0,0,0,0,0,679
2006-05-09,0,0,1,1,3.2,6.7,1.7,3.7,0,0,0,0,0,554
2006-05-10,0,0,1,1,3.2,6.7,1.7,3.7,0,0,0,0,0,673
2006-05-11,0,0,1,1,3.2,6.7,1.7,3.7,0,0,0,0,0,578
2006-05-12,0,0,1,1,3.2,6.7,1.7,3.7,0,0,0,0,0,654
2006-05-13,0,0,1,1,3.2,6.7,1.7,3.7,0,0,0,0,0,737
2006-05-14,0,0,1,1,3.2,6.7,1.7,3.7,0,0,0,0,0,814
2006-05-15,0,0,0,0,3.2,6.7,1.7,3.7,0,0,0,0,0,490
2006-05-16,0,0,0,0,3.2,6.7,1.7,3.7,0,0,0,0,0,509
2006-05-17,0,0,0,0,3.2,6.7,1.7,3.7,0,0,0,0,0,529
2006-05-18,0,0,0,0,3.2,6.7,1.7,3.7,0,0,0,0,0,591
2006-05-19,0,0,0,0,3.2,6.7,1.7,3.7,0,0,0,0,0,773
2006-05-20,0,1,0,0,3.2,6.7,1.7,3.7,0,0,0,0,0,1449
2006-05-21,0,0,0,0,3.2,6.7,1.7,3.7,0,0,0,0,0,2077
2006-05-22,0,0,0,0,3.2,6.7,1.7,3.7,0,0,0,0,0,612
2006-05-23,0,0,0,0,3.2,6.7,1.7,3.7,0,0,0,0,0,613
2006-05-24,0,0,0,0,3.2,6.7,1.7,3.7,0,0,0,0,0,645
2006-05-25,3,0,0,0,3.2,6.7,1.7,3.7,0,0,0,0,0,2112
2006-05-26,0,0,0,0,3.2,6.7,1.7,3.7,0,1,0,0,0,1675
2006-05-27,0,0,0,0,3.2,6.7,1.7,3.7,0,0,0,0,0,1777
2006-05-28,0,0,0,0,3.2,6.7,1.7,3.7,0,0,0,0,0,1841
2006-05-29,0,0,0,0,3.2,6.7,1.7,3.7,0,0,0,0,0,759
2006-05-30,0,0,0,0,3.2,6.7,1.7,3.7,0,0,0,0,0,622
2006-05-31,0,0,0,0,3.2,6.7,1.7,3.7,0,0,0,0,0,691
2006-06-01,0,0,0,0,3.2,6.7,1.7,3.7,0,0,0,0,0,641
2006-06-02,0,0,0,0,3.2,6.7,1.7,3.7,0,0,0,0,0,703
2006-06-03,0,0,0,0,3.2,6.7,1.7,3.7,0,0,0,0,0,1143
2006-06-04,0,0,0,0,3.2,6.7,1.7,3.7,0,0,0,0,0,1750
2006-06-05,3,0,0,0,3.2,6.7,1.7,3.7,0,0,0,0,0,1720
2006-06-06,0,0,0,0,3.2,6.7,1.7,3.7,0,3,0,0,0,1031
2006-06-07,0,0,0,0,3.2,6.7,1.7,3.7,0,0,0,0,0,557
2006-06-08,0,0,0,0,3.2,6.7,1.7,3.7,0,0,0,0,0,595
2006-06-09,0,0,0,0,3.2,6.7,1.7,3.7,0,0,0,0,0,611
2006-06-10,0,1,0,0,3.2,6.7,1.7,3.7,0,0,0,0,0,1881
2006-06-11,0,1,0,0,3.2,6.7,1.7,3.7,0,0,0,0,0,2635
2006-06-12,0,0,0,0,3.2,6.7,1.7,3.7,0,0,0,0,0,1381
2006-06-13,0,0,0,0,3.2,6.7,1.7,3.7,0,0,0,0,0,1935
2006-06-14,0,0,0,0,3.2,6.7,1.7,3.7,0,0,0,0,0,782
2006-06-15,2,0,0,0,3.2,6.7,1.7,3.7,0,0,0,0,0,1175
2006-06-16,0,0,0,0,3.2,6.7,1.7,3.7,0,0,0,0,0,1059
2006-06-17,0,0,0,0,3.2,6.7,1.7,3.7,0,0,0,0,0,1326
2006-06-18,0,0,0,0,3.2,6.7,1.7,3.7,0,0,0,0,0,1927
2006-06-19,0,0,0,0,3.2,6.7,1.7,3.7,0,0,0,0,0,913
2006-06-20,0,0,0,0,3.2,6.7,1.7,3.7,0,0,0,0,0,676
2006-06-21,0,0,0,0,3.2,6.7,1.7,3.7,0,0,0,0,0,705
2006-06-22,0,0,0,0,3.2,6.7,1.7,3.7,0,0,0,0,0,785
2006-06-23,0,0,0,0,3.2,6.7,1.7,3.7,0,0,0,0,0,661
2006-06-24,0,0,0,0,3.2,6.7,1.7,3.7,0,0,0,0,0,1092
2006-06-25,0,0,0,0,3.2,6.7,1.7,3.7,0,0,0,0,0,2535
2006-06-26,0,1,0,0,3.2,6.7,1.7,3.7,0,2,0,0,0,1022
2006-06-27,0,0,0,0,3.2,6.7,1.7,3.7,0,2,0,0,0,702
2006-06-28,0,0,0,0,3.2,6.7,1.7,3.7,0,2,0,0,0,842
2006-06-29,0,0,0,0,3.2,6.7,1.7,3.7,0,2,0,0,0,888
2006-06-30,0,0,0,0,3.2,6.7,1.7,3.7,0,2,0,0,0,628
2006-07-01,0,0,0,0,3.2,6.7,1.7,3.7,0,2,0,0,0,2104
2006-07-02,0,1,0,0,3.2,6.7,1.7,3.7,0,2,0,0,0,3609
2006-07-03,0,0,0,0,3.2,6.7,1.7,3.7,0,2,0,0,0,1874
2006-07-04,0,0,0,0,3.2,6.7,1.7,3.7,0,2,0,0,0,2016
2006-07-05,0,0,0,0,3.2,6.7,1.7,3.7,0,2,0,0,0,2778
2006-07-06,0,0,0,0,3.2,6.7,1.7,3.7,0,2,0,0,0,1231
2006-07-07,0,1,0,0,3.2,6.7,1.7,3.7,0,2,0,0,0,939
2006-07-08,0,0,0,0,3.2,6.7,1.7,3.7,0,2,0,0,0,1452
2006-07-09,0,0,0,0,3.2,6.7,1.7,3.7,0,2,0,0,0,2243
2006-07-10,0,0,0,0,3.2,6.7,1.7,3.7,0,2,0,0,0,923
2006-07-11,0,0,0,0,3.2,6.7,1.7,3.7,0,2,0,0,0,1245
2006-07-12,0,0,0,0,3.2,6.7,1.7,3.7,0,2,0,0,0,1294
2006-07-13,0,0,0,0,3.2,6.7,1.7,3.7,0,2,0,0,0,1711
2006-07-14,0,0,0,0,3.2,6.7,1.7,3.7,0,2,0,0,0,1206
2006-07-15,0,0,0,0,3.2,6.7,1.7,3.7,0,2,0,0,0,2103
2006-07-16,0,0,0,0,3.2,6.7,1.7,3.7,0,2,0,0,0,3213
2006-07-17,0,0,0,0,3.2,6.7,1.7,3.7,0,2,0,0,0,2041
2006-07-18,0,0,0,0,3.2,6.7,1.7,3.7,0,2,0,0,0,2514
2006-07-19,0,0,0,0,3.2,6.7,1.7,3.7,0,2,0,0,0,3169
2006-07-20,0,0,0,0,3.2,6.7,1.7,3.7,0,3,0,0,0,2903
2006-07-21,0,0,0,0,3.2,6.7,1.7,3.7,0,3,0,0,0,2659
2006-07-22,0,0,0,0,3.2,6.7,1.7,3.7,0,3,0,0,0,2855
2006-07-23,0,0,0,0,3.2,6.7,1.7,3.7,0,3,0,0,0,2787
2006-07-24,0,0,0,0,3.2,6.7,1.7,3.7,0,3,0,0,0,1842
2006-07-25,0,0,0,0,3.2,6.7,1.7,3.7,0,3,0,0,0,2864
2006-07-26,0,0,0,0,3.2,6.7,1.7,3.7,0,3,0,0,0,3311
2006-07-27,0,1,0,0,3.2,6.7,1.7,3.7,0,3,0,0,0,2492
2006-07-28,0,0,0,0,3.2,6.7,1.7,3.7,0,3,0,0,0,1525
2006-07-29,0,0,0,0,3.2,6.7,1.7,3.7,0,3,0,0,0,1835
2006-07-30,0,0,0,0,3.2,6.7,1.7,3.7,0,3,0,0,0,2462
2006-07-31,0,0,0,0,3.2,6.7,1.7,3.7,0,3,0,0,0,1428
2006-08-01,0,0,0,0,3.2,6.7,1.7,3.7,0,3,0,0,0,1583
2006-08-02,0,0,0,0,3.2,6.7,1.7,3.7,0,3,0,0,0,2058
2006-08-03,0,0,0,0,3.2,6.7,1.7,3.7,0,3,0,0,0,1852
2006-08-04,0,0,0,0,3.2,6.7,1.7,3.7,0,3,0,0,0,1547
2006-08-05,0,1,0,0,3.2,6.7,1.7,3.7,0,3,0,0,0,1547
2006-08-06,0,0,0,0,3.2,6.7,1.7,3.7,0,3,0,0,0,1711
2006-08-07,0,0,0,0,3.2,6.7,1.7,3.7,0,3,0,0,0,1374
2006-08-08,0,0,0,0,3.2,6.7,1.7,3.7,0,3,0,0,0,1350
2006-08-09,0,0,0,0,3.2,6.7,1.7,3.7,0,1,0,0,0,1447
2006-08-10,0,0,0,0,3.2,6.7,1.7,3.7,0,1,0,0,0,1305
2006-08-11,0,0,0,0,3.2,6.7,1.7,3.7,0,1,0,0,0,1365
2006-08-12,0,0,0,0,3.2,6.7,1.7,3.7,0,1,0,0,0,1259
2006-08-13,0,1,0,0,3.2,6.7,1.7,3.7,0,1,0,0,0,1550
2006-08-14,0,0,0,0,3.2,6.7,1.7,3.7,0,1,0,0,0,1396
2006-08-15,0,0,0,0,3.2,6.7,1.7,3.7,0,1,0,0,0,1439
2006-08-16,0,0,0,0,3.2,6.7,1.7,3.7,0,1,0,0,0,1448
2006-08-17,0,0,0,0,3.2,6.7,1.7,3.7,0,1,0,0,0,1308
2006-08-18,0,0,0,0,3.2,6.7,1.7,3.7,0,1,0,0,0,1264
2006-08-19,0,1,0,0,3.2,6.7,1.7,3.7,0,1,0,0,0,1274
2006-08-20,0,0,0,0,3.2,6.7,1.7,3.7,0,1,0,0,0,1897
2006-08-21,0,0,0,0,3.2,6.7,1.7,3.7,0,1,0,0,0,1102
2006-08-22,0,0,0,0,3.2,6.7,1.7,3.7,0,1,0,0,0,1637
2006-08-23,0,0,0,0,3.2,6.7,1.7,3.7,0,1,0,0,0,1352
2006-08-24,0,0,0,0,3.2,6.7,1.7,3.7,0,1,0,0,0,1407
2006-08-25,0,1,0,0,3.2,6.7,1.7,3.7,0,1,0,0,0,1289
2006-08-26,0,0,0,0,3.2,6.7,1.7,3.7,0,1,0,0,0,1558
2006-08-27,0,0,0,0,3.2,6.7,1.7,3.7,0,1,0,0,0,1921
2006-08-28,0,0,0,0,3.2,6.7,1.7,3.7,0,1,0,0,0,1657
2006-08-29,0,0,0,0,3.2,6.7,1.7,3.7,0,1,0,0,0,1658
2006-08-30,0,1,0,0,3.2,6.7,1.7,3.7,0,1,0,0,0,1603
2006-08-31,0,0,0,0,3.2,6.7,1.7,3.7,0,0,0,0,0,514
2006-09-01,0,0,0,0,3.2,6.7,1.7,3.7,0,0,0,0,0,550
2006-09-02,0,0,0,0,3.2,6.7,1.7,3.7,0,0,0,0,0,842
2006-09-03,0,0,0,0,3.2,6.7,1.7,3.7,0,0,0,0,0,1646
2006-09-04,0,0,0,0,3.2,6.7,1.7,3.7,0,0,0,0,0,656
2006-09-05,0,0,0,0,3.2,6.7,1.7,3.7,0,0,0,0,0,536
2006-09-06,0,0,0,0,3.2,6.7,1.7,3.7,0,0,0,0,0,708
2006-09-07,0,0,0,0,3.2,6.7,1.7,3.7,0,0,0,0,0,568
2006-09-08,0,0,0,0,3.2,6.7,1.7,3.7,0,0,0,0,0,584
2006-09-09,0,1,0,0,3.2,6.7,1.7,3.7,0,0,0,0,0,1191
2006-09-10,0,0,0,0,3.2,6.7,1.7,3.7,0,0,0,0,0,1210
2006-09-11,0,0,0,0,3.2,6.7,1.7,3.7,0,0,0,0,0,817
2006-09-12,0,0,0,0,3.2,6.7,1.7,3.7,0,0,0,0,0,705
2006-09-13,0,0,0,0,3.2,6.7,1.7,3.7,0,0,0,0,0,845
2006-09-14,0,0,0,0,3.2,6.7,1.7,3.7,0,0,0,0,0,639
2006-09-15,0,0,0,0,3.2,6.7,1.7,3.7,0,0,0,0,0,798
2006-09-16,0,0,0,0,3.2,6.7,1.7,3.7,0,0,0,0,0,1023
2006-09-17,0,0,0,0,3.2,6.7,1.7,3.7,0,0,0,0,0,1568
2006-09-18,0,0,0,0,3.2,6.7,1.7,3.7,0,0,0,0,0,728
2006-09-19,0,0,0,0,3.2,6.7,1.7,3.7,0,0,0,0,0,543
2006-09-20,0,0,0,0,3.2,6.7,1.7,3.7,0,0,0,0,0,654
2006-09-21,0,0,0,0,3.2,6.7,1.7,3.7,0,0,0,0,0,689
2006-09-22,0,0,0,0,3.2,6.7,1.7,3.7,0,0,0,0,0,760
2006-09-23,0,0,0,0,3.2,6.7,1.7,3.7,0,0,0,0,0,1066
2006-09-24,0,0,0,0,3.2,6.7,1.7,3.7,0,0,0,0,0,1512
2006-09-25,0,0,0,0,3.2,6.7,1.7,3.7,0,0,0,0,0,685
2006-09-26,0,0,0,0,3.2,6.7,1.7,3.7,0,0,0,0,0,621
2006-09-27,0,0,0,0,3.2,6.7,1.7,3.7,0,0,0,0,0,609
2006-09-28,0,0,0,0,3.2,6.7,1.7,3.7,0,0,0,0,0,669
2006-09-29,0,0,0,0,3.2,6.7,1.7,3.7,0,0,0,0,0,658
2006-09-30,0,0,0,0,3.2,6.7,1.7,3.7,0,0,0,0,0,1006
2006-10-01,0,0,0,0,3.2,6.7,1.7,3.7,0,0,0,0,0,1774
2006-10-02,0,0,0,0,3.2,6.7,1.7,3.7,0,3,0,0,0,2029
2006-10-03,3,0,0,0,3.2,6.7,1.7,3.7,0,2,0,0,0,2107
2006-10-04,0,0,0,0,3.2,6.7,1.7,3.7,0,2,0,0,0,885
2006-10-05,0,0,0,0,3.2,6.7,1.7,3.7,0,2,0,0,0,969
2006-10-06,0,0,0,0,3.2,6.7,1.7,3.7,0,2,0,0,0,972
2006-10-07,0,0,0,0,3.2,6.7,1.7,3.7,0,2,0,0,0,1059
2006-10-08,0,0,0,0,3.2,6.7,1.7,3.7,0,2,0,0,0,1496
2006-10-09,0,0,0,0,3.2,6.7,1.7,3.7,0,2,0,0,0,924
2006-10-10,0,0,0,0,3.2,6.7,1.7,3.7,0,2,0,0,0,961
2006-10-11,0,0,0,0,3.2,6.7,1.7,3.7,0,2,0,0,0,1164
2006-10-12,0,0,0,0,3.2,6.7,1.7,3.7,0,2,0,0,0,1180
2006-10-13,0,0,0,0,3.2,6.7,1.7,3.7,0,2,0,0,0,1038
2006-10-14,0,0,0,0,3.2,6.7,1.7,3.7,0,2,0,0,0,1137
2006-10-15,0,0,0,0,3.2,6.7,1.7,3.7,0,0,0,0,0,1516
2006-10-16,0,0,0,0,3.2,6.7,1.7,3.7,0,1,0,0,0,1063
2006-10-17,0,0,0,0,3.2,6.7,1.7,3.7,0,1,0,0,0,895
2006-10-18,0,0,0,0,3.2,6.7,1.7,3.7,0,1,0,0,0,1238
2006-10-19,0,0,0,0,3.2,6.7,1.7,3.7,0,1,0,0,0,1197
2006-10-20,0,0,0,0,3.2,6.7,1.7,3.7,0,1,0,0,0,1133
2006-10-21,0,0,0,0,3.2,6.7,1.7,3.7,0,1,0,0,0,1355
2006-10-22,0,0,0,0,3.2,6.7,1.7,3.7,0,1,0,0,0,1833
2006-10-23,0,0,0,0,3.2,6.7,1.7,3.7,0,1,0,0,0,1472
2006-10-24,0,0,0,0,3.2,6.7,1.7,3.7,0,1,0,0,0,1455
2006-10-25,0,0,0,0,3.2,6.7,1.7,3.7,0,1,0,0,0,1418
2006-10-26,0,0,0,0,3.2,6.7,1.7,3.7,0,1,0,0,0,1281
2006-10-27,0,0,0,0,3.2,6.7,1.7,3.7,0,1,0,0,0,1373
2006-10-28,0,1,0,0,3.2,6.7,1.7,3.7,0,1,0,0,0,1310
2006-10-29,0,1,0,0,3.2,6.7,1.7,3.7,0,0,0,0,0,1583
2006-10-30,0,0,0,0,3.2,6.7,1.7,3.7,0,0,0,0,0,745
2006-10-31,0,0,0,0,3.2,6.7,1.7,3.7,0,0,0,0,0,578
2006-11-01,2,0,0,0,3.2,6.7,1.7,3.7,0,0,0,0,0,1104
2006-11-02,0,0,0,0,3.2,6.7,1.7,3.7,0,0,0,0,0,571
2006-11-03,0,0,0,0,3.2,6.7,1.7,3.7,0,0,0,0,0,658
2006-11-04,0,0,0,0,3.2,6.7,1.7,3.7,0,0,0,0,0,1112
2006-11-05,0,0,0,0,3.2,6.7,1.7,3.7,0,0,0,0,0,1389
2006-11-06,0,0,0,0,3.2,6.7,1.7,3.7,0,0,0,0,0,669
2006-11-07,0,0,0,0,3.2,6.7,1.7,3.7,0,0,0,0,0,520
2006-11-08,0,0,0,0,3.2,6.7,1.7,3.7,0,0,0,0,0,561
2006-11-09,0,0,0,0,3.2,6.7,1.7,3.7,0,0,0,0,0,534
2006-11-10,0,0,0,0,3.2,6.7,1.7,3.7,0,0,0,0,0,547
2006-11-11,0,1,0,0,3.2,6.7,1.7,3.7,0,0,0,0,0,1513
2006-11-12,0,0,0,0,3.2,6.7,1.7,3.7,0,0,0,0,0,1706
2006-11-13,0,0,0,0,3.2,6.7,1.7,3.7,0,0,0,0,0,716
2006-11-14,0,0,0,0,3.2,6.7,1.7,3.7,0,0,0,0,0,569
2006-11-15,0,0,0,0,3.2,6.7,1.7,3.7,0,0,0,0,0,611
2006-11-16,0,0,0,0,3.2,6.7,1.7,3.7,0,0,0,0,0,522
2006-11-17,0,0,0,0,3.2,6.7,1.7,3.7,0,0,0,0,0,669
2006-11-18,0,0,0,0,3.2,6.7,1.7,3.7,0,0,0,0,0,1349
2006-11-19,0,0,0,0,3.2,6.7,1.7,3.7,0,0,0,0,0,1717
2006-11-20,0,0,0,0,3.2,6.7,1.7,3.7,0,0,0,0,0,653
2006-11-21,0,0,0,0,3.2,6.7,1.7,3.7,0,0,0,0,0,560
2006-11-22,0,0,0,0,3.2,6.7,1.7,3.7,0,0,0,0,0,567
2006-11-23,0,0,0,0,3.2,6.7,1.7,3.7,0,0,0,0,0,568
2006-11-24,0,0,0,0,3.2,6.7,1.7,3.7,0,0,0,0,0,881
2006-11-25,0,0,0,0,3.2,6.7,1.7,3.7,0,0,0,0,0,1136
2006-11-26,0,0,0,0,3.2,6.7,1.7,3.7,0,0,0,0,0,1744
2006-11-27,0,0,0,0,3.2,6.7,1.7,3.7,0,0,0,0,0,701
2006-11-28,0,0,0,0,3.2,6.7,1.7,3.7,0,0,0,0,0,552
2006-11-29,0,0,0,0,3.2,6.7,1.7,3.7,0,0,0,0,0,527
2006-11-30,0,0,0,0,3.2,6.7,1.7,3.7,0,0,0,0,0,500
2006-12-01,0,0,0,0,3.2,6.7,1.7,3.7,0,0,0,0,0,575
2006-12-02,0,0,0,0,3.2,6.7,1.7,3.7,0,0,0,0,0,904
2006-12-03,0,0,0,0,3.2,6.7,1.7,3.7,0,0,0,0,0,1104
2006-12-04,0,0,0,0,3.2,6.7,1.7,3.7,0,0,0,0,0,581
2006-12-05,0,0,0,0,3.2,6.7,1.7,3.7,0,0,0,0,0,541
2006-12-06,0,0,0,0,3.2,6.7,1.7,3.7,0,0,0,0,0,544
2006-12-07,0,0,0,0,3.2,6.7,1.7,3.7,0,0,0,0,0,482
2006-12-08,0,0,0,0,3.2,6.7,1.7,3.7,0,0,0,0,0,754
2006-12-09,0,0,0,0,3.2,6.7,1.7,3.7,0,0,0,0,0,1162
2006-12-10,0,0,0,0,3.2,6.7,1.7,3.7,0,0,0,0,0,1205
2006-12-11,0,0,0,0,3.2,6.7,1.7,3.7,0,0,0,0,0,640
2006-12-12,0,0,0,0,3.2,6.7,1.7,3.7,0,0,0,0,0,646
2006-12-13,0,0,0,0,3.2,6.7,1.7,3.7,0,0,0,0,0,481
2006-12-14,0,0,0,0,3.2,6.7,1.7,3.7,0,0,0,0,0,490
2006-12-15,0,0,0,0,3.2,6.7,1.7,3.7,0,0,0,0,0,633
2006-12-16,0,0,0,0,3.2,6.7,1.7,3.7,0,0,0,0,0,917
2006-12-17,0,0,0,0,3.2,6.7,1.7,3.7,0,0,0,0,0,1263
2006-12-18,0,0,0,0,3.2,6.7,1.7,3.7,0,0,0,0,0,594
2006-12-19,0,0,0,0,3.2,6.7,1.7,3.7,0,0,0,0,0,416
2006-12-20,0,0,0,0,3.2,6.7,1.7,3.7,0,0,0,0,0,553
2006-12-21,0,0,0,0,3.2,6.7,1.7,3.7,0,2,0,0,0,577
2006-12-22,0,0,0,0,3.2,6.7,1.7,3.7,0,2,0,0,0,649
2006-12-23,0,0,0,0,3.2,6.7,1.7,3.7,0,3,0,0,0,780
2006-12-24,0,0,0,0,3.2,6.7,1.7,3.7,0,3,0,0,0,383
2006-12-26,3,0,0,0,3.2,6.7,1.7,3.7,0,3,0,0,0,666
2006-12-27,0,0,0,0,3.2,6.7,1.7,3.7,0,3,0,0,0,1410
2006-12-28,0,0,0,0,3.2,6.7,1.7,3.7,0,3,0,0,0,2000
2006-12-29,0,0,0,0,3.2,6.7,1.7,3.7,0,3,0,0,0,1798
2006-12-30,0,0,0,0,3.2,6.7,1.7,3.7,0,3,0,0,0,1720
2006-12-31,0,0,0,0,3.2,6.7,1.7,3.7,0,3,0,0,0,994
2007-01-01,3,0,0,0,3.2,6.7,1.7,3.7,0,3,0,0,0,642
2007-01-02,0,0,0,0,3.2,6.7,1.7,3.7,0,3,0,0,0,1644
2007-01-03,0,0,0,0,3.2,6.7,1.7,3.7,0,3,0,0,0,2285
2007-01-04,0,0,0,0,3.2,6.7,1.7,3.7,0,3,0,0,0,2257
2007-01-05,0,0,0,0,3.2,6.7,1.7,3.7,0,3,0,0,0,1881
2007-01-06,0,0,0,0,3.2,6.7,1.7,3.7,0,1,0,0,0,1856
2007-01-07,0,0,0,0,3.2,6.7,1.7,3.7,0,0,0,0,0,2334
2007-01-08,0,0,0,0,3.2,6.7,1.7,3.7,0,0,0,0,0,729
2007-01-09,0,0,0,0,3.2,6.7,1.7,3.7,0,0,0,0,0,637
2007-01-10,0,0,0,0,3.2,6.7,1.7,3.7,0,0,0,0,0,711
2007-01-11,0,0,0,0,3.2,6.7,1.7,3.7,0,0,0,0,0,626
2007-01-12,0,0,0,0,3.2,6.7,1.7,3.7,0,0,0,0,0,904
2007-01-13,0,0,0,0,3.2,6.7,1.7,3.7,0,0,0,0,0,1907
2007-01-14,0,0,0,0,3.2,6.7,1.7,3.7,0,0,0,0,0,2465
2007-01-15,0,0,0,0,3.2,6.7,1.7,3.7,0,0,0,0,0,739
2007-01-16,0,0,0,0,3.2,6.7,1.7,3.7,0,0,0,0,0,650
2007-01-17,0,0,0,0,3.2,6.7,1.7,3.7,0,0,0,0,0,725
2007-01-18,0,0,0,0,3.2,6.7,1.7,3.7,0,0,0,0,0,413
2007-01-19,0,0,0,0,3.2,6.7,1.7,3.7,0,0,0,0,0,770
2007-01-20,0,0,0,0,3.2,6.7,1.7,3.7,0,0,0,0,0,1702
2007-01-21,0,0,0,0,3.2,6.7,1.7,3.7,0,0,0,0,0,2391
2007-01-22,0,0,0,0,3.2,6.7,1.7,3.7,0,0,0,0,0,1233
2007-01-23,0,0,0,0,3.2,6.7,1.7,3.7,0,0,0,0,0,542
2007-01-24,0,0,0,0,3.2,6.7,1.7,3.7,0,0,0,0,0,597
2007-01-25,0,0,0,0,3.2,6.7,1.7,3.7,0,0,0,0,0,526
2007-01-26,0,0,0,0,3.2,6.7,1.7,3.7,0,0,0,0,0,561
2007-01-27,0,0,0,0,3.2,6.7,1.7,3.7,0,0,0,0,0,1208
2007-01-28,0,0,0,0,3.2,6.7,1.7,3.7,0,0,0,0,0,1875
2007-01-29,0,0,0,0,3.2,6.7,1.7,3.7,0,0,0,0,0,809
2007-01-30,0,0,0,0,3.2,6.7,1.7,3.7,0,0,0,0,0,669
2007-01-31,0,0,0,0,3.2,6.7,1.7,3.7,0,0,0,0,0,903
2007-02-01,0,0,0,0,3.2,6.7,1.7,3.7,0,1,0,0,0,1435
2007-02-02,0,0,0,0,3.2,6.7,1.7,3.7,0,1,0,0,0,1434
2007-02-03,0,0,0,0,3.2,6.7,1.7,3.7,0,0,0,0,0,1713
2007-02-04,0,0,0,0,3.2,6.7,1.7,3.7,0,0,0,0,0,1831
2007-02-05,0,0,0,0,3.2,6.7,1.7,3.7,0,0,0,0,0,760
2007-02-06,0,0,0,0,3.2,6.7,1.7,3.7,0,0,0,0,0,592
2007-02-07,0,0,0,0,3.2,6.7,1.7,3.7,0,0,0,0,0,736
2007-02-08,0,0,0,0,3.2,6.7,1.7,3.7,0,0,0,0,0,406
2007-02-09,0,1,0,0,3.2,6.7,1.7,3.7,0,0,0,0,0,635
2007-02-10,0,1,0,0,3.2,6.7,1.7,3.7,0,0,0,0,0,2518
2007-02-11,0,1,0,0,3.2,6.7,1.7,3.7,0,0,0,0,0,2240
2007-02-12,0,0,0,0,3.2,6.7,1.7,3.7,0,0,0,0,0,1086
2007-02-13,0,0,0,0,3.2,6.7,1.7,3.7,0,0,0,0,0,685
2007-02-14,0,0,0,0,3.2,6.7,1.7,3.7,0,0,0,0,0,692
2007-02-15,0,0,0,0,3.2,6.7,1.7,3.7,0,0,0,0,0,517
2007-02-16,0,1,0,0,3.2,6.7,1.7,3.7,0,0,0,0,0,904
2007-02-17,0,0,0,0,3.2,6.7,1.7,3.7,0,0,0,0,0,1177
2007-02-18,0,0,0,0,3.2,6.7,1.7,3.7,0,0,0,0,0,1559
2007-02-19,0,0,0,0,3.2,6.7,1.7,3.7,0,0,0,0,0,1149
2007-02-20,0,0,0,0,3.2,6.7,1.7,3.7,0,0,0,0,0,783
2007-02-21,0,0,0,0,3.2,6.7,1.7,3.7,0,0,0,0,0,704
2007-02-22,0,0,0,0,3.2,6.7,1.7,3.7,0,0,0,0,0,636
2007-02-23,0,0,0,0,3.2,6.7,1.7,3.7,0,0,0,0,0,840
2007-02-24,0,0,0,0,3.2,6.7,1.7,3.7,0,0,0,0,0,1420
2007-02-25,0,1,0,0,3.2,6.7,1.7,3.7,0,0,0,0,0,2106
2007-02-26,0,0,0,0,3.2,6.7,1.7,3.7,0,0,0,0,0,772
2007-02-27,0,0,0,0,3.2,6.7,1.7,3.7,0,0,0,0,0,1130
2007-02-28,0,0,0,0,3.2,6.7,1.7,3.7,0,0,0,0,0,817
2007-03-01,0,0,0,0,3.2,6.7,1.7,3.7,0,0,0,0,0,561
2007-03-02,0,0,0,0,3.2,6.7,1.7,3.7,0,0,0,0,0,874
2007-03-03,0,0,0,0,3.2,6.7,1.7,3.7,0,0,0,0,0,1576
2007-03-04,0,0,0,0,3.2,6.7,1.7,3.7,0,0,0,0,0,2072
2007-03-05,0,0,0,0,3.2,6.7,1.7,3.7,0,0,0,0,0,783
2007-03-06,0,0,0,0,3.2,6.7,1.7,3.7,0,0,0,0,0,657
2007-03-07,0,0,0,0,3.2,6.7,1.7,3.7,0,0,0,0,0,645
2007-03-08,0,0,0,0,3.2,6.7,1.7,3.7,0,0,0,0,0,555
2007-03-09,0,0,0,0,3.2,6.7,1.7,3.7,0,0,0,0,0,858
2007-03-10,0,1,0,0,3.2,6.7,1.7,3.7,0,0,0,0,0,1763
2007-03-11,0,1,0,0,3.2,6.7,1.7,3.7,0,0,0,0,0,1785
2007-03-12,0,0,0,0,3.2,6.7,1.7,3.7,0,0,0,0,0,661
2007-03-13,0,0,0,0,3.2,6.7,1.7,3.7,0,0,0,0,0,546
2007-03-14,0,0,0,0,3.2,6.7,1.7,3.7,0,0,0,0,0,633
2007-03-15,0,0,0,0,3.2,6.7,1.7,3.7,0,0,0,0,0,560
2007-03-16,0,0,0,0,3.2,6.7,1.7,3.7,0,0,0,0,0,727
2007-03-17,0,0,0,0,3.2,6.7,1.7,3.7,0,0,0,0,0,1445
2007-03-18,0,0,0,0,3.2,6.7,1.7,3.7,0,0,0,0,0,2443
2007-03-19,0,0,0,0,3.2,6.7,1.7,3.7,0,0,0,0,0,803
2007-03-20,0,0,0,0,3.2,6.7,1.7,3.7,0,0,0,0,0,599
2007-03-21,0,1,0,0,3.2,6.7,1.7,3.7,0,0,0,0,0,691
2007-03-22,0,1,0,0,3.2,6.7,1.7,3.7,0,0,0,0,0,704
2007-03-23,0,0,0,0,3.2,6.7,1.7,3.7,0,0,0,0,0,736
2007-03-24,0,1,0,0,3.2,6.7,1.7,3.7,0,0,0,0,0,1301
2007-03-25,0,0,0,0,3.2,6.7,1.7,3.7,0,0,0,0,0,1197
2007-03-26,0,0,0,0,3.2,6.7,1.7,3.7,0,1,0,0,0,1063
2007-03-27,0,0,0,0,3.2,6.7,1.7,3.7,0,1,0,0,0,884
2007-03-28,0,0,0,0,3.2,6.7,1.7,3.7,0,1,0,0,0,845
2007-03-29,0,0,0,0,3.2,6.7,1.7,3.7,0,1,0,0,0,960
2007-03-30,0,0,0,0,3.2,6.7,1.7,3.7,0,1,0,0,0,875
2007-03-31,0,1,0,0,3.2,6.7,1.7,3.7,0,1,0,0,0,758
2007-04-01,0,1,0,0,3.2,6.7,1.7,3.7,0,1,0,0,0,1476
2007-04-02,0,0,0,0,3.2,6.7,1.7,3.7,0,3,0,0,0,1421
2007-04-03,0,0,0,0,3.2,6.7,1.7,3.7,0,3,0,0,0,1620
2007-04-04,0,0,0,0,3.2,6.7,1.7,3.7,0,3,0,0,0,1590
2007-04-05,0,0,0,0,3.2,6.7,1.7,3.7,0,3,0,0,0,1306
2007-04-06,3,0,0,0,3.2,6.7,1.7,3.7,0,3,0,0,0,1379
2007-04-07,0,0,0,0,3.2,6.7,1.7,3.7,0,3,0,0,0,1133
2007-04-08,0,0,0,0,3.2,6.7,1.7,3.7,0,3,0,0,0,556
2007-04-09,3,0,0,0,3.2,6.7,1.7,3.7,0,3,0,0,0,1061
2007-04-10,0,0,0,0,3.2,6.7,1.7,3.7,0,3,0,0,0,1621
2007-04-11,0,0,0,0,3.2,6.7,1.7,3.7,0,2,0,0,0,1293
2007-04-12,0,0,0,0,3.2,6.7,1.7,3.7,0,2,0,0,0,1050
2007-04-13,0,0,0,0,3.2,6.7,1.7,3.7,0,2,0,0,0,942
2007-04-14,0,1,0,0,3.2,6.7,1.7,3.7,0,2,0,0,0,1823
2007-04-15,0,1,0,0,3.2,6.7,1.7,3.7,0,0,0,0,0,2057
2007-04-16,0,0,0,0,3.2,6.7,1.7,3.7,0,0,0,0,0,858
2007-04-17,0,0,0,0,3.2,6.7,1.7,3.7,0,0,0,0,0,694
2007-04-18,0,0,0,0,3.2,6.7,1.7,3.7,0,0,0,0,0,642
2007-04-19,0,1,0,0,3.2,6.7,1.7,3.7,0,0,0,0,0,502
2007-04-20,0,1,0,0,3.2,6.7,1.7,3.7,0,0,0,0,0,1178
2007-04-21,0,1,0,0,3.2,6.7,1.7,3.7,0,0,0,0,0,1656
2007-04-22,0,1,0,0,3.2,6.7,1.7,3.7,0,0,0,0,0,1857
2007-04-23,0,0,0,0,3.2,6.7,1.7,3.7,0,0,0,0,0,661
2007-04-24,0,0,0,0,3.2,6.7,1.7,3.7,0,0,0,0,0,566
2007-04-25,0,0,0,0,3.2,6.7,1.7,3.7,0,0,0,0,0,723
2007-04-26,0,0,0,0,3.2,6.7,1.7,3.7,0,0,0,0,0,767
2007-04-27,0,0,0,0,3.2,6.7,1.7,3.7,0,0,0,0,0,768
2007-04-28,0,0,0,0,3.2,6.7,1.7,3.7,0,0,0,0,0,1306
2007-04-29,0,0,0,0,3.2,6.7,1.7,3.7,0,0,0,0,0,1672
2007-04-30,0,0,0,0,3.2,6.7,1.7,3.7,0,1,0,0,0,1468
2007-05-01,3,0,0,0,4.3,7.3,2.3,4.3,0,0,0,0,0,1158
2007-05-02,0,0,0,0,4.3,7.3,2.3,4.3,0,0,0,0,0,689
2007-05-03,0,0,0,0,4.3,7.3,2.3,4.3,0,0,0,0,0,478
2007-05-04,0,0,0,0,4.3,7.3,2.3,4.3,0,0,0,0,0,568
2007-05-05,0,1,0,0,4.3,7.3,2.3,4.3,0,0,0,0,0,1463
2007-05-06,0,1,0,0,4.3,7.3,2.3,4.3,0,0,0,0,0,1570
2007-05-07,0,0,1,0,4.3,7.3,2.3,4.3,0,0,0,0,0,601
2007-05-08,0,0,1,0,4.3,7.3,2.3,4.3,0,0,0,0,0,384
2007-05-09,0,0,1,0,4.3,7.3,2.3,4.3,0,0,0,0,0,535
2007-05-10,0,0,1,0,4.3,7.3,2.3,4.3,0,0,0,0,0,410
2007-05-11,0,0,1,0,4.3,7.3,2.3,4.3,0,0,0,0,0,442
2007-05-12,0,0,1,0,4.3,7.3,2.3,4.3,0,0,0,0,0,707
2007-05-13,0,0,0,0,4.3,7.3,2.3,4.3,0,0,0,0,0,1152
2007-05-14,0,0,0,0,4.3,7.3,2.3,4.3,0,0,0,0,0,653
2007-05-15,0,0,0,0,4.3,7.3,2.3,4.3,0,0,0,0,0,561
2007-05-16,0,0,0,0,4.3,7.3,2.3,4.3,0,0,0,0,0,641
2007-05-17,3,0,0,0,4.3,7.3,2.3,4.3,0,0,0,0,0,1717
2007-05-18,0,0,0,0,4.3,7.3,2.3,4.3,0,1,0,0,0,1360
2007-05-19,0,0,0,0,4.3,7.3,2.3,4.3,0,0,0,0,0,1254
2007-05-20,0,0,0,0,4.3,7.3,2.3,4.3,0,0,0,0,0,1483
2007-05-21,0,0,0,0,4.3,7.3,2.3,4.3,0,0,0,0,0,753
2007-05-22,0,0,0,0,4.3,7.3,2.3,4.3,0,0,0,0,0,613
2007-05-23,0,0,0,0,4.3,7.3,2.3,4.3,0,0,0,0,0,640
2007-05-24,0,0,0,0,4.3,7.3,2.3,4.3,0,0,0,0,0,669
2007-05-25,0,0,0,0,4.3,7.3,2.3,4.3,0,0,0,0,0,809
2007-05-26,0,1,0,0,4.3,7.3,2.3,4.3,0,0,0,0,0,1355
2007-05-27,0,0,0,0,4.3,7.3,2.3,4.3,0,0,0,0,0,2303
2007-05-28,3,0,0,0,4.3,7.3,2.3,4.3,0,0,0,0,0,2391
2007-05-29,0,0,0,0,4.3,7.3,2.3,4.3,0,3,0,0,0,1438
2007-05-30,0,0,0,0,4.3,7.3,2.3,4.3,0,0,0,0,0,705
2007-05-31,0,0,0,0,4.3,7.3,2.3,4.3,0,0,0,0,0,701
2007-06-01,0,0,0,0,4.3,7.3,2.3,4.3,0,0,0,0,0,792
2007-06-02,0,0,0,0,4.3,7.3,2.3,4.3,0,0,0,0,0,1270
2007-06-03,0,0,0,0,4.3,7.3,2.3,4.3,0,0,0,0,0,1748
2007-06-04,0,0,0,0,4.3,7.3,2.3,4.3,0,0,0,0,0,696
2007-06-05,0,0,0,0,4.3,7.3,2.3,4.3,0,0,0,0,0,685
2007-06-06,0,0,0,0,4.3,7.3,2.3,4.3,0,0,0,0,0,824
2007-06-07,2,0,0,0,4.3,7.3,2.3,4.3,0,0,0,0,0,1352
2007-06-08,0,0,0,0,4.3,7.3,2.3,4.3,0,0,0,0,0,1742
2007-06-09,0,0,0,0,4.3,7.3,2.3,4.3,0,0,0,0,0,2371
2007-06-10,0,0,0,0,4.3,7.3,2.3,4.3,0,0,0,0,0,2586
2007-06-11,0,0,0,0,4.3,7.3,2.3,4.3,0,0,0,0,0,1282
2007-06-12,0,0,0,0,4.3,7.3,2.3,4.3,0,0,0,0,0,825
2007-06-13,0,0,0,0,4.3,7.3,2.3,4.3,0,0,0,0,0,704
2007-06-14,0,0,0,0,4.3,7.3,2.3,4.3,0,0,0,0,0,855
2007-06-15,0,0,0,0,4.3,7.3,2.3,4.3,0,0,0,0,0,1012
2007-06-16,0,0,0,0,4.3,7.3,2.3,4.3,0,0,0,0,0,1405
2007-06-17,0,0,0,0,4.3,7.3,2.3,4.3,0,0,0,0,0,2127
2007-06-18,0,0,0,0,4.3,7.3,2.3,4.3,0,0,0,0,0,831
2007-06-19,0,0,0,0,4.3,7.3,2.3,4.3,0,0,0,0,0,974
2007-06-20,0,0,0,0,4.3,7.3,2.3,4.3,0,0,0,0,0,887
2007-06-21,0,0,0,0,4.3,7.3,2.3,4.3,0,2,0,0,0,832
2007-06-22,0,0,0,0,4.3,7.3,2.3,4.3,0,2,0,0,0,810
2007-06-23,0,1,0,0,4.3,7.3,2.3,4.3,0,2,0,0,0,1687
2007-06-24,0,0,0,0,4.3,7.3,2.3,4.3,0,2,0,0,0,2126
2007-06-25,0,0,0,0,4.3,7.3,2.3,4.3,0,2,0,0,0,1056
2007-06-26,0,0,0,0,4.3,7.3,2.3,4.3,0,2,0,0,0,1037
2007-06-27,0,0,0,0,4.3,7.3,2.3,4.3,0,2,0,0,0,1069
2007-06-28,0,0,0,0,4.3,7.3,2.3,4.3,0,2,0,0,0,1028
2007-06-29,0,0,0,0,4.3,7.3,2.3,4.3,0,2,0,0,0,1003
2007-06-30,0,0,0,0,4.3,7.3,2.3,4.3,0,2,0,0,0,1625
2007-07-01,0,0,0,0,4.3,7.3,2.3,4.3,0,2,0,0,0,2136
2007-07-02,0,0,0,0,4.3,7.3,2.3,4.3,0,2,0,0,0,1010
2007-07-03,0,0,0,0,4.3,7.3,2.3,4.3,0,2,0,0,0,1085
2007-07-04,0,0,0,0,4.3,7.3,2.3,4.3,0,2,0,0,0,1314
2007-07-05,0,0,0,0,4.3,7.3,2.3,4.3,0,2,0,0,0,1208
2007-07-06,0,0,0,0,4.3,7.3,2.3,4.3,0,2,0,0,0,1171
2007-07-07,0,0,0,0,4.3,7.3,2.3,4.3,0,2,0,0,0,1382
2007-07-08,0,0,0,0,4.3,7.3,2.3,4.3,0,2,0,0,0,1953
2007-07-09,0,0,0,0,4.3,7.3,2.3,4.3,0,2,0,0,0,1268
2007-07-10,0,0,0,0,4.3,7.3,2.3,4.3,0,2,0,0,0,1270
2007-07-11,0,0,0,0,4.3,7.3,2.3,4.3,0,2,0,0,0,1527
2007-07-12,0,0,0,0,4.3,7.3,2.3,4.3,0,2,0,0,0,1200
2007-07-13,0,0,0,0,4.3,7.3,2.3,4.3,0,2,0,0,0,998
2007-07-14,0,1,0,0,4.3,7.3,2.3,4.3,0,2,0,0,0,1727
2007-07-15,0,0,0,0,4.3,7.3,2.3,4.3,0,2,0,0,0,3408
2007-07-16,0,0,0,0,4.3,7.3,2.3,4.3,0,2,0,0,0,2746
2007-07-17,0,0,0,0,4.3,7.3,2.3,4.3,0,2,0,0,0,1443
2007-07-18,0,0,0,0,4.3,7.3,2.3,4.3,0,2,0,0,0,1485
2007-07-19,0,0,0,0,4.3,7.3,2.3,4.3,0,3,0,0,0,1565
2007-07-20,0,0,0,0,4.3,7.3,2.3,4.3,0,3,0,0,0,1417
2007-07-21,0,0,0,0,4.3,7.3,2.3,4.3,0,3,0,0,0,1824
2007-07-22,0,0,0,0,4.3,7.3,2.3,4.3,1,3,0,0,0,2358
2007-07-23,0,0,0,0,4.3,7.3,2.3,4.3,1,3,0,0,0,1357
2007-07-24,0,0,0,0,4.3,7.3,2.3,4.3,1,3,0,0,0,2698
2007-07-25,0,0,0,0,4.3,7.3,2.3,4.3,1,3,0,0,0,2092
2007-07-26,0,0,0,0,4.3,7.3,2.3,4.3,1,3,0,0,0,2045
2007-07-27,0,0,0,0,4.3,7.3,2.3,4.3,1,3,0,0,0,1801
2007-07-28,0,0,0,0,4.3,7.3,2.3,4.3,1,3,0,0,0,1776
2007-07-29,0,0,0,0,4.3,7.3,2.3,4.3,1,3,0,0,0,3373
2007-07-30,0,0,0,0,4.3,7.3,2.3,4.3,1,3,0,0,0,1995
2007-07-31,0,0,0,0,4.3,7.3,2.3,4.3,1,3,0,0,0,2072
2007-08-01,0,0,0,0,4.3,7.3,2.3,4.3,1,3,0,0,0,2031
2007-08-02,0,0,0,0,4.3,7.3,2.3,4.3,1,3,0,0,0,2399
2007-08-03,0,0,0,0,4.3,7.3,2.3,4.3,1,3,0,0,0,1350
2007-08-04,0,0,0,0,4.3,7.3,2.3,4.3,1,1,0,0,0,1520
2007-08-05,0,0,0,0,4.3,7.3,2.3,4.3,0,1,0,0,0,3119
2007-08-06,0,0,0,0,4.3,7.3,2.3,4.3,0,1,0,0,0,2745
2007-08-07,0,0,0,0,4.3,7.3,2.3,4.3,0,1,0,0,0,1546
2007-08-08,0,0,0,0,4.3,7.3,2.3,4.3,0,1,0,0,0,1749
2007-08-09,0,0,0,0,4.3,7.3,2.3,4.3,0,1,0,0,0,1907
2007-08-10,0,0,0,0,4.3,7.3,2.3,4.3,0,1,0,0,0,1390
2007-08-11,0,0,0,0,4.3,7.3,2.3,4.3,0,1,0,0,0,1503
2007-08-12,0,0,0,0,4.3,7.3,2.3,4.3,0,1,0,0,0,1976
2007-08-13,0,0,0,0,4.3,7.3,2.3,4.3,0,1,0,0,0,1318
2007-08-14,0,0,0,0,4.3,7.3,2.3,4.3,0,1,0,0,0,1900
2007-08-15,0,0,0,0,4.3,7.3,2.3,4.3,0,1,0,0,0,1670
2007-08-16,0,0,0,0,4.3,7.3,2.3,4.3,0,1,0,0,0,1817
2007-08-17,0,0,0,0,4.3,7.3,2.3,4.3,0,1,0,0,0,1368
2007-08-18,0,0,0,0,4.3,7.3,2.3,4.3,0,1,0,0,0,1339
2007-08-19,0,0,0,0,4.3,7.3,2.3,4.3,0,1,0,0,0,2134
2007-08-20,0,0,0,0,4.3,7.3,2.3,4.3,0,1,0,0,0,1283
2007-08-21,0,0,0,0,4.3,7.3,2.3,4.3,0,1,0,0,0,1699
2007-08-22,0,0,0,0,4.3,7.3,2.3,4.3,0,1,0,0,0,1905
2007-08-23,0,0,0,0,4.3,7.3,2.3,4.3,0,1,0,0,0,1769
2007-08-24,0,0,0,0,4.3,7.3,2.3,4.3,0,1,0,0,0,1382
2007-08-25,0,0,0,0,4.3,7.3,2.3,4.3,0,1,0,0,0,1648
2007-08-26,0,0,0,0,4.3,7.3,2.3,4.3,0,1,0,0,0,2170
2007-08-27,0,0,0,0,4.3,7.3,2.3,4.3,0,1,0,0,0,1676
2007-08-28,0,0,0,0,4.3,7.3,2.3,4.3,0,1,0,0,0,1672
2007-08-29,0,0,0,0,4.3,7.3,2.3,4.3,0,1,0,0,0,1790
2007-08-30,0,0,0,0,4.3,7.3,2.3,4.3,0,0,0,0,0,718
2007-08-31,0,0,0,0,4.3,7.3,2.3,4.3,0,0,0,0,0,732
2007-09-01,0,0,0,0,4.3,7.3,2.3,4.3,0,0,0,0,0,1019
2007-09-02,0,0,0,0,4.3,7.3,2.3,4.3,0,0,0,0,0,1462
2007-09-03,0,0,0,0,4.3,7.3,2.3,4.3,0,0,0,0,0,679
2007-09-04,0,0,0,0,4.3,7.3,2.3,4.3,0,0,0,0,0,663
2007-09-05,0,0,0,0,4.3,7.3,2.3,4.3,0,0,0,0,0,630
2007-09-06,0,0,0,0,4.3,7.3,2.3,4.3,0,0,0,0,0,586
2007-09-07,0,0,0,0,4.3,7.3,2.3,4.3,0,0,0,0,0,638
2007-09-08,0,1,0,0,4.3,7.3,2.3,4.3,0,0,0,0,0,1162
2007-09-09,0,0,0,0,4.3,7.3,2.3,4.3,0,0,0,0,0,1535
2007-09-10,0,0,0,0,4.3,7.3,2.3,4.3,0,0,0,0,0,664
2007-09-11,0,0,0,0,4.3,7.3,2.3,4.3,0,0,0,0,0,659
2007-09-12,0,0,0,0,4.3,7.3,2.3,4.3,0,0,0,0,0,548
2007-09-13,0,0,0,0,4.3,7.3,2.3,4.3,0,0,0,0,0,502
2007-09-14,0,0,0,0,4.3,7.3,2.3,4.3,0,0,0,0,0,687
2007-09-15,0,1,0,0,4.3,7.3,2.3,4.3,0,0,0,0,0,1251
2007-09-16,0,0,0,0,4.3,7.3,2.3,4.3,0,0,0,0,0,1156
2007-09-17,0,0,0,0,4.3,7.3,2.3,4.3,0,0,0,0,0,661
2007-09-18,0,0,0,0,4.3,7.3,2.3,4.3,0,0,0,0,0,544
2007-09-19,0,0,0,0,4.3,7.3,2.3,4.3,0,0,0,0,0,528
2007-09-20,0,0,0,0,4.3,7.3,2.3,4.3,0,0,0,0,0,577
2007-09-21,0,0,0,0,4.3,7.3,2.3,4.3,0,0,0,0,0,528
2007-09-22,0,0,0,0,4.3,7.3,2.3,4.3,0,0,0,0,0,1120
2007-09-23,0,1,0,0,4.3,7.3,2.3,4.3,0,0,0,0,0,1270
2007-09-24,0,0,0,0,4.3,7.3,2.3,4.3,0,2,0,0,0,705
2007-09-25,0,0,0,0,4.3,7.3,2.3,4.3,0,2,0,0,0,977
2007-09-26,0,0,0,0,4.3,7.3,2.3,4.3,0,2,0,0,0,1002
2007-09-27,0,0,0,0,4.3,7.3,2.3,4.3,0,2,0,0,0,929
2007-09-28,0,0,0,0,4.3,7.3,2.3,4.3,0,2,0,0,0,854
2007-09-29,0,0,0,0,4.3,7.3,2.3,4.3,0,2,0,0,0,1450
2007-09-30,0,0,0,0,4.3,7.3,2.3,4.3,0,2,0,0,0,1629
2007-10-01,0,0,0,0,4.3,7.3,2.3,4.3,0,2,0,0,0,1125
2007-10-02,0,0,0,0,4.3,7.3,2.3,4.3,0,2,0,0,0,1246
2007-10-03,3,0,0,0,4.3,7.3,2.3,4.3,0,2,0,0,0,1950
2007-10-04,0,0,0,0,4.3,7.3,2.3,4.3,0,2,0,0,0,1120
2007-10-05,0,0,0,0,4.3,7.3,2.3,4.3,0,2,0,0,0,1039
2007-10-06,0,0,0,0,4.3,7.3,2.3,4.3,0,2,0,0,0,989
2007-10-07,0,0,0,0,4.3,7.3,2.3,4.3,0,0,0,0,0,1261
2007-10-08,0,0,0,0,4.3,7.3,2.3,4.3,0,0,0,0,0,590
2007-10-09,0,0,0,0,4.3,7.3,2.3,4.3,0,0,0,0,0,530
2007-10-10,0,0,0,0,4.3,7.3,2.3,4.3,0,0,0,0,0,583
2007-10-11,0,0,0,0,4.3,7.3,2.3,4.3,0,0,0,0,0,663
2007-10-12,0,0,0,0,4.3,7.3,2.3,4.3,0,0,0,0,0,654
2007-10-13,0,0,0,0,4.3,7.3,2.3,4.3,0,0,0,0,0,995
2007-10-14,0,0,0,0,4.3,7.3,2.3,4.3,0,0,0,0,0,1297
2007-10-15,0,0,0,0,4.3,7.3,2.3,4.3,0,0,0,0,0,609
2007-10-16,0,0,0,0,4.3,7.3,2.3,4.3,0,0,0,0,0,543
2007-10-17,0,0,0,0,4.3,7.3,2.3,4.3,0,0,0,0,0,647
2007-10-18,0,0,0,0,4.3,7.3,2.3,4.3,0,0,0,0,0,600
2007-10-19,0,0,0,0,4.3,7.3,2.3,4.3,0,0,0,0,0,654
2007-10-20,0,0,0,0,4.3,7.3,2.3,4.3,0,0,0,0,0,960
2007-10-21,0,0,0,0,4.3,7.3,2.3,4.3,0,0,0,0,0,1625
2007-10-22,0,0,0,0,4.3,7.3,2.3,4.3,0,1,0,0,0,1219
2007-10-23,0,0,0,0,4.3,7.3,2.3,4.3,0,1,0,0,0,1007
2007-10-24,0,0,0,0,4.3,7.3,2.3,4.3,0,1,0,0,0,1289
2007-10-25,0,0,0,0,4.3,7.3,2.3,4.3,0,1,0,0,0,1151
2007-10-26,0,0,0,0,4.3,7.3,2.3,4.3,0,1,0,0,0,984
2007-10-27,0,0,0,0,4.3,7.3,2.3,4.3,0,1,0,0,0,971
2007-10-28,0,0,0,0,4.3,7.3,2.3,4.3,0,1,0,0,0,1537
2007-10-29,0,0,0,0,4.3,7.3,2.3,4.3,0,1,0,0,0,1433
2007-10-30,0,0,0,0,4.3,7.3,2.3,4.3,0,1,0,0,0,1338
2007-10-31,0,0,0,0,4.3,7.3,2.3,4.3,0,1,0,0,0,1270
2007-11-01,2,0,0,0,4.3,7.3,2.3,4.3,0,1,0,0,0,1722
2007-11-02,0,0,0,0,4.3,7.3,2.3,4.3,0,1,0,0,0,1835
2007-11-03,0,0,0,0,4.3,7.3,2.3,4.3,0,1,0,0,0,1358
2007-11-04,0,1,0,0,4.3,7.3,2.3,4.3,0,0,0,0,0,1667
2007-11-05,0,0,0,0,4.3,7.3,2.3,4.3,0,0,0,0,0,565
2007-11-06,0,0,0,0,4.3,7.3,2.3,4.3,0,0,0,0,0,608
2007-11-07,0,0,0,0,4.3,7.3,2.3,4.3,0,0,0,0,0,624
2007-11-08,0,0,0,0,4.3,7.3,2.3,4.3,0,0,0,0,0,514
2007-11-09,0,0,0,0,4.3,7.3,2.3,4.3,0,0,0,0,0,646
2007-11-10,0,0,0,0,4.3,7.3,2.3,4.3,0,0,0,0,0,1188
2007-11-11,0,1,0,0,4.3,7.3,2.3,4.3,0,0,0,0,0,1901
2007-11-12,0,0,0,0,4.3,7.3,2.3,4.3,0,0,0,0,0,602
2007-11-13,0,0,0,0,4.3,7.3,2.3,4.3,0,0,0,0,0,559
2007-11-14,0,0,0,0,4.3,7.3,2.3,4.3,0,0,0,0,0,618
2007-11-15,0,0,0,0,4.3,7.3,2.3,4.3,0,0,0,0,0,500
2007-11-16,0,0,0,0,4.3,7.3,2.3,4.3,0,0,0,0,0,549
2007-11-17,0,1,0,0,4.3,7.3,2.3,4.3,0,0,0,0,0,1224
2007-11-18,0,0,0,0,4.3,7.3,2.3,4.3,0,0,0,0,0,1564
2007-11-19,0,0,0,0,4.3,7.3,2.3,4.3,0,0,0,0,0,574
2007-11-20,0,0,0,0,4.3,7.3,2.3,4.3,0,0,0,0,0,536
2007-11-21,0,0,0,0,4.3,7.3,2.3,4.3,0,0,0,0,0,603
2007-11-22,0,0,0,0,4.3,7.3,2.3,4.3,0,0,0,0,0,502
2007-11-23,0,1,0,0,4.3,7.3,2.3,4.3,0,0,0,0,0,1050
2007-11-24,0,0,0,0,4.3,7.3,2.3,4.3,0,0,0,0,0,1193
2007-11-25,0,0,0,0,4.3,7.3,2.3,4.3,0,0,0,0,0,1583
2007-11-26,0,0,0,0,4.3,7.3,2.3,4.3,0,0,0,0,0,560
2007-11-27,0,0,0,0,4.3,7.3,2.3,4.3,0,0,0,0,0,513
2007-11-28,0,0,0,0,4.3,7.3,2.3,4.3,0,0,0,0,0,519
2007-11-29,0,0,0,0,4.3,7.3,2.3,4.3,0,0,0,0,0,432
2007-11-30,0,0,0,0,4.3,7.3,2.3,4.3,0,0,0,0,0,670
2007-12-01,0,0,0,0,4.3,7.3,2.3,4.3,0,0,0,0,0,798
2007-12-02,0,0,0,0,4.3,7.3,2.3,4.3,0,0,0,0,0,1079
2007-12-03,0,0,0,1,4.3,7.3,2.3,4.3,0,0,0,0,1,569
2007-12-04,0,0,0,1,4.3,7.3,2.3,4.3,0,0,0,0,1,523
2007-12-05,0,0,0,1,4.3,7.3,2.3,4.3,0,0,0,0,1,500
2007-12-06,0,0,0,1,4.3,7.3,2.3,4.3,0,0,0,0,1,442
2007-12-07,0,0,0,1,4.3,7.3,2.3,4.3,0,0,0,0,1,470
2007-12-08,0,0,0,1,4.3,7.3,2.3,4.3,0,0,0,0,1,928
2007-12-09,0,0,0,1,4.3,7.3,2.3,4.3,0,0,0,0,1,1207
2007-12-10,0,0,0,1,4.3,7.3,2.3,4.3,0,0,0,0,1,513
2007-12-11,0,0,0,1,4.3,7.3,2.3,4.3,0,0,0,0,1,472
2007-12-12,0,0,0,1,4.3,7.3,2.3,4.3,0,0,0,0,1,799
2007-12-13,0,0,0,1,4.3,7.3,2.3,4.3,0,0,0,0,1,280
2007-12-14,0,0,0,1,4.3,7.3,2.3,4.3,0,0,0,0,1,294
2007-12-15,0,0,0,1,4.3,7.3,2.3,4.3,0,0,0,0,1,706
2007-12-16,0,0,0,0,4.3,7.3,2.3,4.3,0,0,0,0,1,910
2007-12-17,0,0,0,0,4.3,7.3,2.3,4.3,0,0,0,0,1,210
2007-12-18,0,0,0,0,4.3,7.3,2.3,4.3,0,0,0,0,1,195
2007-12-19,0,0,0,0,4.3,7.3,2.3,4.3,0,0,0,0,1,255
2007-12-20,0,0,0,0,4.3,7.3,2.3,4.3,0,2,0,0,1,279
2007-12-21,0,0,0,0,4.3,7.3,2.3,4.3,0,2,0,0,1,536
2007-12-22,0,0,0,0,4.3,7.3,2.3,4.3,0,2,0,0,1,403
2007-12-23,0,0,0,0,4.3,7.3,2.3,4.3,0,2,0,0,1,557
2007-12-24,0,0,0,0,4.3,7.3,2.3,4.3,0,3,0,0,1,230
2007-12-26,3,0,0,0,4.3,7.3,2.3,4.3,0,3,0,0,0,721
2007-12-27,0,0,0,0,4.3,7.3,2.3,4.3,0,3,0,0,0,1261
2007-12-28,0,0,0,0,4.3,7.3,2.3,4.3,0,3,0,0,0,1490
2007-12-29,0,0,0,0,4.3,7.3,2.3,4.3,0,3,0,0,0,1485
2007-12-30,0,0,0,0,4.3,7.3,2.3,4.3,0,3,0,0,0,2089
2007-12-31,0,0,0,0,4.3,7.3,2.3,4.3,0,3,0,0,0,372
2008-01-01,3,0,0,0,4.3,7.3,2.3,4.3,0,3,0,0,0,486
2008-01-02,0,0,0,0,4.3,7.3,2.3,4.3,0,3,0,0,0,1573
2008-01-03,0,0,0,0,4.3,7.3,2.3,4.3,0,3,0,0,0,1934
2008-01-04,0,0,0,0,4.3,7.3,2.3,4.3,0,3,0,0,0,1857
2008-01-05,0,0,0,0,4.3,7.3,2.3,4.3,0,1,0,0,0,1649
2008-01-06,0,0,0,0,4.3,7.3,2.3,4.3,0,0,0,0,0,1902
2008-01-07,0,1,0,0,4.3,7.3,2.3,4.3,0,0,0,0,0,623
2008-01-08,0,0,0,0,4.3,7.3,2.3,4.3,0,0,0,0,0,526
2008-01-09,0,0,0,0,4.3,7.3,2.3,4.3,0,0,0,0,0,659
2008-01-10,0,0,0,0,4.3,7.3,2.3,4.3,0,0,0,0,0,648
2008-01-11,0,0,0,0,4.3,7.3,2.3,4.3,0,0,0,0,0,820
2008-01-12,0,1,0,0,4.3,7.3,2.3,4.3,0,0,0,0,0,1798
2008-01-13,0,1,0,0,4.3,7.3,2.3,4.3,0,0,0,0,0,2177
2008-01-14,0,0,0,0,4.3,7.3,2.3,4.3,0,0,0,0,0,785
2008-01-15,0,0,0,0,4.3,7.3,2.3,4.3,0,0,0,0,0,631
2008-01-16,0,0,0,0,4.3,7.3,2.3,4.3,0,0,0,0,0,663
2008-01-17,0,0,0,0,4.3,7.3,2.3,4.3,0,0,0,0,0,815
2008-01-18,0,0,0,0,4.3,7.3,2.3,4.3,0,0,0,0,0,844
2008-01-19,0,1,0,0,4.3,7.3,2.3,4.3,0,0,0,0,0,1874
2008-01-20,0,0,0,0,4.3,7.3,2.3,4.3,0,0,0,0,0,2582
2008-01-21,0,1,0,0,4.3,7.3,2.3,4.3,0,0,0,0,0,1105
2008-01-22,0,0,0,0,4.3,7.3,2.3,4.3,0,0,0,0,0,614
2008-01-23,0,0,0,0,4.3,7.3,2.3,4.3,0,0,0,0,0,725
2008-01-24,0,0,0,0,4.3,7.3,2.3,4.3,0,0,0,0,0,680
2008-01-25,0,0,0,0,4.3,7.3,2.3,4.3,0,0,0,0,0,813
2008-01-26,0,0,0,0,4.3,7.3,2.3,4.3,0,0,0,0,0,1501
2008-01-27,0,0,0,0,4.3,7.3,2.3,4.3,0,0,0,0,0,2222
2008-01-28,0,0,0,0,4.3,7.3,2.3,4.3,0,0,0,0,0,923
2008-01-29,0,0,0,0,4.3,7.3,2.3,4.3,0,0,0,0,0,688
2008-01-30,0,0,0,0,4.3,7.3,2.3,4.3,0,0,0,0,0,948
2008-01-31,0,0,0,0,4.3,7.3,2.3,4.3,0,1,0,0,0,1366
2008-02-01,0,0,0,0,4.3,7.3,2.3,4.3,0,1,0,0,0,1467
2008-02-02,0,0,0,0,4.3,7.3,2.3,4.3,0,0,0,0,0,1547
2008-02-03,0,0,0,0,4.3,7.3,2.3,4.3,0,0,0,0,0,1937
2008-02-04,0,1,0,0,4.3,7.3,2.3,4.3,0,0,0,0,0,1284
2008-02-05,0,0,0,0,4.3,7.3,2.3,4.3,0,0,0,0,0,785
2008-02-06,0,0,0,0,4.3,7.3,2.3,4.3,0,0,0,0,0,735
2008-02-07,0,0,0,0,4.3,7.3,2.3,4.3,0,0,0,0,0,637
2008-02-08,0,0,0,0,4.3,7.3,2.3,4.3,0,0,0,0,0,1426
2008-02-09,0,1,0,0,4.3,7.3,2.3,4.3,0,0,0,0,0,1931
2008-02-10,0,1,0,0,4.3,7.3,2.3,4.3,0,0,0,0,0,2121
2008-02-11,0,0,0,0,4.3,7.3,2.3,4.3,0,0,0,0,0,648
2008-02-12,0,0,0,0,4.3,7.3,2.3,4.3,0,0,0,0,0,575
2008-02-13,0,0,0,0,4.3,7.3,2.3,4.3,0,0,0,0,0,650
2008-02-14,0,0,0,0,4.3,7.3,2.3,4.3,0,0,0,0,0,616
2008-02-15,0,0,0,0,4.3,7.3,2.3,4.3,0,0,0,0,0,762
2008-02-16,0,1,0,0,4.3,7.3,2.3,4.3,0,0,0,0,0,1452
2008-02-17,0,1,0,0,4.3,7.3,2.3,4.3,0,0,0,0,0,1702
2008-02-18,0,1,0,0,4.3,7.3,2.3,4.3,0,0,0,0,0,739
2008-02-19,0,0,0,0,4.3,7.3,2.3,4.3,0,0,0,0,0,561
2008-02-20,0,0,0,0,4.3,7.3,2.3,4.3,0,0,0,0,0,634
2008-02-21,0,0,0,0,4.3,7.3,2.3,4.3,0,0,0,0,0,673
2008-02-22,0,0,0,0,4.3,7.3,2.3,4.3,0,0,0,0,0,790
2008-02-23,0,1,0,0,4.3,7.3,2.3,4.3,0,0,0,0,0,1329
2008-02-24,0,0,0,0,4.3,7.3,2.3,4.3,0,0,0,0,0,1707
2008-02-25,0,0,0,0,4.3,7.3,2.3,4.3,0,0,0,0,0,614
2008-02-26,0,0,0,0,4.3,7.3,2.3,4.3,0,0,0,0,0,566
2008-02-27,0,0,0,0,4.3,7.3,2.3,4.3,0,0,0,0,0,567
2008-02-28,0,0,0,0,4.3,7.3,2.3,4.3,0,0,0,0,0,651
2008-02-29,0,0,0,0,4.3,7.3,2.3,4.3,0,0,0,0,0,829
2008-03-01,0,1,0,0,4.3,7.3,2.3,4.3,0,0,0,0,0,1440
2008-03-02,0,1,0,0,4.3,7.3,2.3,4.3,0,0,0,0,0,2099
2008-03-03,0,1,0,0,4.3,7.3,2.3,4.3,0,0,0,0,0,752
2008-03-04,0,0,0,0,4.3,7.3,2.3,4.3,0,0,0,0,0,586
2008-03-05,0,0,0,0,4.3,7.3,2.3,4.3,0,0,0,0,0,567
2008-03-06,0,0,0,0,4.3,7.3,2.3,4.3,0,0,0,0,0,662
2008-03-07,0,0,0,0,4.3,7.3,2.3,4.3,0,0,0,0,0,713
2008-03-08,0,0,0,0,4.3,7.3,2.3,4.3,0,0,0,0,0,1218
2008-03-09,0,0,0,0,4.3,7.3,2.3,4.3,0,0,0,0,0,1768
2008-03-10,0,0,0,0,4.3,7.3,2.3,4.3,0,1,0,0,0,1052
2008-03-11,0,1,0,0,4.3,7.3,2.3,4.3,0,1,0,0,0,1193
2008-03-12,0,0,0,0,4.3,7.3,2.3,4.3,0,1,0,0,0,1340
2008-03-13,0,1,0,0,4.3,7.3,2.3,4.3,0,1,0,0,0,1518
2008-03-14,0,0,0,0,4.3,7.3,2.3,4.3,0,1,0,0,0,1130
2008-03-15,0,1,0,0,4.3,7.3,2.3,4.3,0,1,0,0,0,1191
2008-03-16,0,0,0,0,4.3,7.3,2.3,4.3,0,1,0,0,0,2432
2008-03-17,0,1,0,0,4.3,7.3,2.3,4.3,0,3,0,0,0,1722
2008-03-18,0,1,0,0,4.3,7.3,2.3,4.3,0,3,0,0,0,1977
2008-03-19,0,0,0,0,4.3,7.3,2.3,4.3,0,3,0,0,0,2155
2008-03-20,0,1,0,0,4.3,7.3,2.3,4.3,0,3,0,0,0,2054
2008-03-21,3,0,0,0,4.3,7.3,2.3,4.3,0,3,0,0,0,2275
2008-03-22,0,0,0,0,4.3,7.3,2.3,4.3,0,3,0,0,0,1886
2008-03-23,0,0,0,0,4.3,7.3,2.3,4.3,0,3,0,0,0,701
2008-03-24,3,0,0,0,4.3,7.3,2.3,4.3,0,3,0,0,0,1434
2008-03-25,0,0,0,0,4.3,7.3,2.3,4.3,0,3,0,0,0,1430
2008-03-26,0,0,0,0,4.3,7.3,2.3,4.3,0,3,0,0,0,1704
2008-03-27,0,0,0,0,4.3,7.3,2.3,4.3,0,2,0,0,0,1647
2008-03-28,0,0,0,0,4.3,7.3,2.3,4.3,0,2,0,0,0,1550
2008-03-29,0,1,0,0,4.3,7.3,2.3,4.3,0,2,0,0,0,2076
2008-03-30,0,1,0,0,4.3,7.3,2.3,4.3,0,0,0,0,0,2157
2008-03-31,0,0,0,0,4.3,7.3,2.3,4.3,0,0,0,0,0,747
2008-04-01,0,0,0,0,4.3,7.3,2.3,4.3,0,0,0,0,0,655
2008-04-02,0,0,0,0,4.3,7.3,2.3,4.3,0,0,0,0,0,853
2008-04-03,0,0,0,0,4.3,7.3,2.3,4.3,0,0,0,0,0,726
2008-04-04,0,0,0,0,4.3,7.3,2.3,4.3,0,0,0,0,0,848
2008-04-05,0,0,0,0,4.3,7.3,2.3,4.3,0,0,0,0,0,2266
2008-04-06,0,0,0,0,4.3,7.3,2.3,4.3,0,0,0,0,0,2584
2008-04-07,0,1,0,0,4.3,7.3,2.3,4.3,0,0,0,0,0,731
2008-04-08,0,0,0,0,4.3,7.3,2.3,4.3,0,0,0,0,0,645
2008-04-09,0,0,0,0,4.3,7.3,2.3,4.3,0,0,0,0,0,680
2008-04-10,0,0,0,0,4.3,7.3,2.3,4.3,0,0,0,0,0,644
2008-04-11,0,0,0,0,4.3,7.3,2.3,4.3,0,0,0,0,0,850
2008-04-12,0,0,0,0,4.3,7.3,2.3,4.3,0,0,0,0,0,1252
2008-04-13,0,0,0,0,4.3,7.3,2.3,4.3,0,0,0,0,0,1934
2008-04-14,0,0,0,0,4.3,7.3,2.3,4.3,0,0,0,0,0,757
2008-04-15,0,0,0,0,4.3,7.3,2.3,4.3,0,0,0,0,0,640
2008-04-16,0,0,0,0,4.3,7.3,2.3,4.3,0,0,0,0,0,609
2008-04-17,0,0,0,0,4.3,7.3,2.3,4.3,0,0,0,0,0,566
2008-04-18,0,0,0,0,4.3,7.3,2.3,4.3,0,0,0,0,0,880
2008-04-19,0,0,0,0,4.3,7.3,2.3,4.3,0,0,0,0,0,1274
2008-04-20,0,0,0,0,4.3,7.3,2.3,4.3,0,0,0,0,0,1516
2008-04-21,0,1,0,0,4.3,7.3,2.3,4.3,0,0,0,0,0,682
2008-04-22,0,0,0,0,4.3,7.3,2.3,4.3,0,0,0,0,0,638
2008-04-23,0,0,0,0,4.3,7.3,2.3,4.3,0,0,0,0,0,685
2008-04-24,0,0,0,0,4.3,7.3,2.3,4.3,0,0,0,0,0,606
2008-04-25,0,0,0,0,4.3,7.3,2.3,4.3,0,0,0,0,0,690
2008-04-26,0,1,0,0,4.3,7.3,2.3,4.3,0,0,0,0,0,1087
2008-04-27,0,0,0,0,4.3,7.3,2.3,4.3,0,0,0,0,0,1095
2008-04-28,0,0,0,0,4.3,7.3,2.3,4.3,0,0,0,0,0,726
2008-04-29,0,0,0,0,4.3,7.3,2.3,4.3,0,0,0,0,0,698
2008-04-30,0,0,0,0,4.3,7.3,2.3,4.3,0,0,0,0,0,661
2008-05-01,3,0,0,0,4.3,7.3,2.3,4.3,0,0,0,0,0,850
2008-05-02,0,0,0,0,4.3,7.3,2.3,4.3,0,1,0,0,0,1338
2008-05-03,0,0,0,0,4.3,7.3,2.3,4.3,0,0,0,0,0,1113
2008-05-04,0,0,0,0,4.3,7.3,2.3,4.3,0,0,0,0,0,1238
2008-05-05,0,0,0,0,4.3,7.3,2.3,4.3,0,0,0,0,0,675
2008-05-06,0,0,0,0,4.3,7.3,2.3,4.3,0,0,0,0,0,647
2008-05-07,0,0,0,0,4.3,7.3,2.3,4.3,0,0,0,0,0,779
2008-05-08,0,0,0,0,4.3,7.3,2.3,4.3,0,0,0,0,0,676
2008-05-09,0,0,0,0,4.3,7.3,2.3,4.3,0,0,0,0,0,723
2008-05-10,0,1,0,0,4.3,7.3,2.3,4.3,0,0,0,0,0,2037
2008-05-11,0,1,0,0,4.3,7.3,2.3,4.3,0,0,0,0,0,2235
2008-05-12,3,1,0,0,4.3,7.3,2.3,4.3,0,0,0,0,0,2165
2008-05-13,0,0,0,0,4.3,7.3,2.3,4.3,0,3,0,0,0,810
2008-05-14,0,0,0,0,4.3,7.3,2.3,4.3,0,0,0,0,0,847
2008-05-15,0,0,0,0,4.3,7.3,2.3,4.3,0,0,0,0,0,737
2008-05-16,0,0,0,0,4.3,7.3,2.3,4.3,0,0,0,0,0,775
2008-05-17,0,0,0,0,4.3,7.3,2.3,4.3,0,0,0,0,0,1663
2008-05-18,0,0,0,0,4.3,7.3,2.3,4.3,0,0,0,0,0,1637
2008-05-19,0,0,0,0,4.3,7.3,2.3,4.3,0,0,0,0,0,746
2008-05-20,0,0,0,0,4.3,7.3,2.3,4.3,0,0,0,0,0,605
2008-05-21,0,0,0,0,4.3,7.3,2.3,4.3,0,0,0,0,0,1062
2008-05-22,2,0,0,0,4.3,7.3,2.3,4.3,0,0,0,0,0,1057
2008-05-23,0,0,0,0,4.3,7.3,2.3,4.3,0,0,0,0,0,1049
2008-05-24,0,0,0,0,4.3,7.3,2.3,4.3,0,0,0,0,0,1093
2008-05-25,0,0,0,0,4.3,7.3,2.3,4.3,0,0,0,0,0,1611
2008-05-26,0,0,1,0,4.3,7.3,2.3,4.3,0,0,0,0,0,505
2008-05-27,0,0,1,0,4.3,7.3,2.3,4.3,0,0,0,0,0,428
2008-05-28,0,0,1,0,4.3,7.3,2.3,4.3,0,0,0,0,0,501
2008-05-29,0,0,1,0,4.3,7.3,2.3,4.3,0,0,0,0,0,395
2008-05-30,0,0,1,0,4.3,7.3,2.3,4.3,0,0,0,0,0,708
2008-05-31,0,0,1,0,4.3,7.3,2.3,4.3,0,0,0,0,0,1237
2008-06-01,0,0,1,0,4.3,7.3,2.3,4.3,0,0,0,0,0,1417
2008-06-02,0,0,1,0,4.3,7.3,2.3,4.3,0,0,0,0,0,1173
2008-06-03,0,0,1,0,4.3,7.3,2.3,4.3,0,0,0,0,0,492
2008-06-04,0,0,1,0,4.3,7.3,2.3,4.3,0,0,0,0,0,473
2008-06-05,0,0,1,0,4.3,7.3,2.3,4.3,0,0,0,0,0,592
2008-06-06,0,0,1,0,4.3,7.3,2.3,4.3,0,0,0,0,0,638
2008-06-07,0,0,1,0,4.3,7.3,2.3,4.3,0,0,0,0,0,1352
2008-06-08,0,0,0,0,4.3,7.3,2.3,4.3,0,0,0,0,0,2535
2008-06-09,0,1,0,0,4.3,7.3,2.3,4.3,0,0,0,0,0,1014
2008-06-10,0,0,0,0,4.3,7.3,2.3,4.3,0,0,0,0,0,907
2008-06-11,0,0,0,0,4.3,7.3,2.3,4.3,0,0,0,0,0,545
2008-06-12,0,0,0,0,4.3,7.3,2.3,4.3,0,0,0,0,0,543
2008-06-13,0,0,0,0,4.3,7.3,2.3,4.3,0,0,0,0,0,687
2008-06-14,0,0,0,0,4.3,7.3,2.3,4.3,0,0,0,0,0,1396
2008-06-15,0,0,0,0,4.3,7.3,2.3,4.3,0,0,0,0,0,1852
2008-06-16,0,0,0,0,4.3,7.3,2.3,4.3,0,0,0,0,0,511
2008-06-17,0,0,0,0,4.3,7.3,2.3,4.3,0,0,0,0,0,618
2008-06-18,0,0,0,0,4.3,7.3,2.3,4.3,0,0,0,0,0,640
2008-06-19,0,0,0,0,4.3,7.3,2.3,4.3,0,0,0,0,0,750
2008-06-20,0,0,0,0,4.3,7.3,2.3,4.3,0,0,0,0,0,868
2008-06-21,0,0,0,0,4.3,7.3,2.3,4.3,0,0,0,0,0,1197
2008-06-22,0,0,0,0,4.3,7.3,2.3,4.3,0,0,0,0,0,1963
2008-06-23,0,0,0,0,4.3,7.3,2.3,4.3,0,0,0,0,0,926
2008-06-24,0,0,0,0,4.3,7.3,2.3,4.3,0,0,0,0,0,951
2008-06-25,0,0,0,0,4.3,7.3,2.3,4.3,0,0,0,0,0,570
2008-06-26,0,0,0,0,4.3,7.3,2.3,4.3,0,2,0,0,0,738
2008-06-27,0,0,0,0,4.3,7.3,2.3,4.3,0,2,0,0,0,830
2008-06-28,0,0,0,0,4.3,7.3,2.3,4.3,0,2,0,0,0,1515
2008-06-29,0,0,0,0,4.3,7.3,2.3,4.3,0,2,0,0,0,1426
2008-06-30,0,0,0,0,4.3,7.3,2.3,4.3,0,2,0,0,0,795
2008-07-01,0,0,0,0,4.3,7.3,2.3,4.3,0,2,0,0,0,1423
2008-07-02,0,0,0,0,4.3,7.3,2.3,4.3,0,2,0,0,0,2843
2008-07-03,0,0,0,0,4.3,7.3,2.3,4.3,0,2,0,0,0,1205
2008-07-04,0,0,0,0,4.3,7.3,2.3,4.3,0,2,0,0,0,779
2008-07-05,0,1,0,0,4.3,7.3,2.3,4.3,0,2,0,0,0,1518
2008-07-06,0,1,0,0,4.3,7.3,2.3,4.3,0,2,0,0,0,1877
2008-07-07,0,0,0,0,4.3,7.3,2.3,4.3,0,2,0,0,0,1016
2008-07-08,0,0,0,0,4.3,7.3,2.3,4.3,0,2,0,0,0,975
2008-07-09,0,0,0,0,4.3,7.3,2.3,4.3,0,2,0,0,0,1135
2008-07-10,0,0,0,0,4.3,7.3,2.3,4.3,0,3,0,0,0,1641
2008-07-11,0,0,0,0,4.3,7.3,2.3,4.3,0,3,0,0,0,1436
2008-07-12,0,0,0,0,4.3,7.3,2.3,4.3,0,3,0,0,0,1558
2008-07-13,0,0,0,0,4.3,7.3,2.3,4.3,0,3,0,0,0,2195
2008-07-14,0,1,0,0,4.3,7.3,2.3,4.3,0,3,0,0,0,1381
2008-07-15,0,0,0,0,4.3,7.3,2.3,4.3,0,3,0,0,0,1858
2008-07-16,0,0,0,0,4.3,7.3,2.3,4.3,0,3,0,0,0,2113
2008-07-17,0,0,0,0,4.3,7.3,2.3,4.3,0,3,0,0,0,2033
2008-07-18,0,0,0,0,4.3,7.3,2.3,4.3,0,3,0,0,0,1945
2008-07-19,0,0,0,0,4.3,7.3,2.3,4.3,0,3,0,0,0,2034
2008-07-20,0,0,0,0,4.3,7.3,2.3,4.3,0,3,0,0,0,2717
2008-07-21,0,0,0,0,4.3,7.3,2.3,4.3,0,3,0,0,0,2198
2008-07-22,0,0,0,0,4.3,7.3,2.3,4.3,0,3,0,0,0,2147
2008-07-23,0,0,0,0,4.3,7.3,2.3,4.3,0,3,0,0,0,1918
2008-07-24,0,0,0,0,4.3,7.3,2.3,4.3,0,3,0,0,0,2060
2008-07-25,0,0,0,0,4.3,7.3,2.3,4.3,0,3,0,0,0,2025
2008-07-26,0,0,0,0,4.3,7.3,2.3,4.3,0,3,0,0,0,2069
2008-07-27,0,0,0,0,4.3,7.3,2.3,4.3,1,3,0,0,0,2895
2008-07-28,0,0,0,0,4.3,7.3,2.3,4.3,1,3,0,0,0,3027
2008-07-29,0,0,0,0,4.3,7.3,2.3,4.3,1,3,0,0,0,2852
2008-07-30,0,0,0,0,4.3,7.3,2.3,4.3,1,3,0,0,0,2380
2008-07-31,0,0,0,0,4.3,7.3,2.3,4.3,1,3,0,0,0,2955
2008-08-01,0,0,0,0,4.3,7.3,2.3,4.3,1,3,0,0,0,1889
2008-08-02,0,1,0,0,4.3,7.3,2.3,4.3,1,3,0,0,0,1760
2008-08-03,0,0,0,0,4.3,7.3,2.3,4.3,1,3,0,0,0,2177
2008-08-04,0,0,0,0,4.3,7.3,2.3,4.3,1,3,0,0,0,1770
2008-08-05,0,0,0,0,4.3,7.3,2.3,4.3,1,3,0,0,0,1852
2008-08-06,0,0,0,0,4.3,7.3,2.3,4.3,1,3,0,0,0,2166
2008-08-07,0,0,0,0,4.3,7.3,2.3,4.3,1,3,0,0,0,2694
2008-08-08,0,0,0,0,4.3,7.3,2.3,4.3,1,3,0,0,0,1662
2008-08-09,0,0,0,0,4.3,7.3,2.3,4.3,1,1,0,0,0,1391
2008-08-10,0,0,0,0,4.3,7.3,2.3,4.3,0,1,0,0,0,2683
2008-08-11,0,1,0,0,4.3,7.3,2.3,4.3,0,1,0,0,0,1489
2008-08-12,0,0,0,0,4.3,7.3,2.3,4.3,0,1,0,0,0,1759
2008-08-13,0,0,0,0,4.3,7.3,2.3,4.3,0,1,0,0,0,1727
2008-08-14,0,0,0,0,4.3,7.3,2.3,4.3,0,1,0,0,0,1588
2008-08-15,0,0,0,0,4.3,7.3,2.3,4.3,0,1,0,0,0,1527
2008-08-16,0,0,0,0,4.3,7.3,2.3,4.3,0,1,0,0,0,1633
2008-08-17,0,0,0,0,4.3,7.3,2.3,4.3,0,1,0,0,0,2350
2008-08-18,0,0,0,0,4.3,7.3,2.3,4.3,0,1,0,0,0,1939
2008-08-19,0,0,0,0,4.3,7.3,2.3,4.3,0,1,0,0,0,1759
2008-08-20,0,0,0,0,4.3,7.3,2.3,4.3,0,1,0,0,0,2096
2008-08-21,0,0,0,0,4.3,7.3,2.3,4.3,0,0,0,0,0,818
2008-08-22,0,0,0,0,4.3,7.3,2.3,4.3,0,0,0,0,0,756
2008-08-23,0,0,0,0,4.3,7.3,2.3,4.3,0,0,0,0,0,1232
2008-08-24,0,0,0,0,4.3,7.3,2.3,4.3,0,0,0,0,0,1719
2008-08-25,0,0,0,0,4.3,7.3,2.3,4.3,0,0,0,0,0,669
2008-08-26,0,0,0,0,4.3,7.3,2.3,4.3,0,0,0,0,0,662
2008-08-27,0,0,0,0,4.3,7.3,2.3,4.3,0,0,0,0,0,679
2008-08-28,0,0,0,0,4.3,7.3,2.3,4.3,0,0,0,0,0,675
2008-08-29,0,0,0,0,4.3,7.3,2.3,4.3,0,0,0,0,0,747
2008-08-30,0,1,0,0,4.3,7.3,2.3,4.3,0,0,0,0,0,1067
2008-08-31,0,0,0,0,4.3,7.3,2.3,4.3,0,0,0,0,0,2322
2008-09-01,0,0,0,0,4.3,7.3,2.3,4.3,0,0,0,0,0,636
2008-09-02,0,0,0,0,4.3,7.3,2.3,4.3,0,0,0,0,0,615
2008-09-03,0,0,0,0,4.3,7.3,2.3,4.3,0,0,0,0,0,531
2008-09-04,0,0,0,0,4.3,7.3,2.3,4.3,0,0,0,0,0,609
2008-09-05,0,0,0,0,4.3,7.3,2.3,4.3,0,0,0,0,0,615
2008-09-06,0,0,0,0,4.3,7.3,2.3,4.3,0,0,0,0,0,863
2008-09-07,0,0,0,0,4.3,7.3,2.3,4.3,0,0,0,0,0,1814
2008-09-08,0,0,0,0,4.3,7.3,2.3,4.3,0,0,0,0,0,964
2008-09-09,0,0,0,0,4.3,7.3,2.3,4.3,0,0,0,0,0,588
2008-09-10,0,0,0,0,4.3,7.3,2.3,4.3,0,0,0,0,0,573
2008-09-11,0,0,0,0,4.3,7.3,2.3,4.3,0,0,0,0,0,626
2008-09-12,0,0,0,0,4.3,7.3,2.3,4.3,0,0,0,0,0,656
2008-09-13,0,1,0,0,4.3,7.3,2.3,4.3,0,0,0,0,0,1002
2008-09-14,0,0,0,0,4.3,7.3,2.3,4.3,0,0,0,0,0,1199
2008-09-15,0,0,0,0,4.3,7.3,2.3,4.3,0,0,0,0,0,592
2008-09-16,0,0,0,0,4.3,7.3,2.3,4.3,0,0,0,0,0,526
2008-09-17,0,0,0,0,4.3,7.3,2.3,4.3,0,0,0,0,0,520
2008-09-18,0,0,0,0,4.3,7.3,2.3,4.3,0,0,0,0,0,547
2008-09-19,0,0,0,0,4.3,7.3,2.3,4.3,0,0,0,0,0,617
2008-09-20,0,0,0,0,4.3,7.3,2.3,4.3,0,0,0,0,0,840
2008-09-21,0,0,0,0,4.3,7.3,2.3,4.3,0,0,0,0,0,1489
2008-09-22,0,0,0,0,4.3,7.3,2.3,4.3,0,0,0,0,0,583
2008-09-23,0,0,0,0,4.3,7.3,2.3,4.3,0,0,0,0,0,567
2008-09-24,0,0,0,0,4.3,7.3,2.3,4.3,0,0,0,0,0,544
2008-09-25,0,0,0,0,4.3,7.3,2.3,4.3,0,0,0,0,0,524
2008-09-26,0,1,0,0,4.3,7.3,2.3,4.3,0,0,0,0,0,521
2008-09-27,0,1,0,0,4.3,7.3,2.3,4.3,0,0,0,0,0,691
2008-09-28,0,1,0,0,4.3,7.3,2.3,4.3,0,0,0,0,0,1080
2008-09-29,0,0,0,0,4.3,7.3,2.3,4.3,0,2,0,0,0,931
2008-09-30,0,0,0,0,4.3,7.3,2.3,4.3,0,2,0,0,0,1045
2008-10-01,0,0,0,0,4.3,7.3,2.3,4.3,0,2,0,0,0,1096
2008-10-02,0,0,0,0,4.3,7.3,2.3,4.3,0,2,0,0,0,968
2008-10-03,3,0,0,0,4.3,7.3,2.3,4.3,0,2,0,0,0,1612
2008-10-04,0,1,0,0,4.3,7.3,2.3,4.3,0,2,0,0,0,1639
2008-10-05,0,1,0,0,4.3,7.3,2.3,4.3,0,2,0,0,0,2062
2008-10-06,0,0,0,0,4.3,7.3,2.3,4.3,0,2,0,0,0,1112
2008-10-07,0,0,0,0,4.3,7.3,2.3,4.3,0,2,0,0,0,905
2008-10-08,0,0,0,0,4.3,7.3,2.3,4.3,0,2,0,0,0,1109
2008-10-09,0,0,0,0,4.3,7.3,2.3,4.3,0,2,0,0,0,989
2008-10-10,0,0,0,0,4.3,7.3,2.3,4.3,0,2,0,0,0,896
2008-10-11,0,0,0,0,4.3,7.3,2.3,4.3,0,2,0,0,0,930
2008-10-12,0,0,0,0,4.3,7.3,2.3,4.3,0,0,0,0,0,1419
2008-10-13,0,0,0,0,4.3,7.3,2.3,4.3,0,1,0,0,0,1025
2008-10-14,0,0,0,0,4.3,7.3,2.3,4.3,0,1,0,0,0,997
2008-10-15,0,0,0,0,4.3,7.3,2.3,4.3,0,1,0,0,0,1376
2008-10-16,0,0,0,0,4.3,7.3,2.3,4.3,0,1,0,0,0,1329
2008-10-17,0,0,0,0,4.3,7.3,2.3,4.3,0,1,0,0,0,977
2008-10-18,0,0,0,0,4.3,7.3,2.3,4.3,0,1,0,0,0,1039
2008-10-19,0,0,0,0,4.3,7.3,2.3,4.3,0,1,0,0,0,1608
2008-10-20,0,0,0,0,4.3,7.3,2.3,4.3,0,1,0,0,0,1169
2008-10-21,0,0,0,0,4.3,7.3,2.3,4.3,0,1,0,0,0,1525
2008-10-22,0,0,0,0,4.3,7.3,2.3,4.3,0,1,0,0,0,1537
2008-10-23,0,0,0,0,4.3,7.3,2.3,4.3,0,1,0,0,0,1294
2008-10-24,0,0,0,0,4.3,7.3,2.3,4.3,0,1,0,0,0,1104
2008-10-25,0,0,0,0,4.3,7.3,2.3,4.3,0,1,0,0,0,1213
2008-10-26,0,0,0,0,4.3,7.3,2.3,4.3,0,0,0,0,0,1793
2008-10-27,0,0,0,0,4.3,7.3,2.3,4.3,0,0,0,0,0,627
2008-10-28,0,0,0,0,4.3,7.3,2.3,4.3,0,0,0,0,0,632
2008-10-29,0,0,0,0,4.3,7.3,2.3,4.3,0,0,0,0,0,621
2008-10-30,0,0,0,0,4.3,7.3,2.3,4.3,0,0,0,0,0,650
2008-10-31,0,0,0,0,4.3,7.3,2.3,4.3,0,0,0,0,0,637
2008-11-01,2,0,0,0,4.3,7.3,2.3,4.3,0,0,0,0,0,1192
2008-11-02,0,0,0,0,4.3,7.3,2.3,4.3,0,0,0,0,0,1329
2008-11-03,0,0,0,0,4.3,7.3,2.3,4.3,0,0,0,0,0,647
2008-11-04,0,0,0,0,4.3,7.3,2.3,4.3,0,0,0,0,0,486
2008-11-05,0,0,0,0,4.3,7.3,2.3,4.3,0,0,0,0,0,600
2008-11-06,0,0,0,0,4.3,7.3,2.3,4.3,0,0,0,0,0,564
2008-11-07,0,0,0,0,4.3,7.3,2.3,4.3,0,0,0,0,0,679
2008-11-08,0,0,0,0,4.3,7.3,2.3,4.3,0,0,0,0,0,1173
2008-11-09,0,0,0,0,4.3,7.3,2.3,4.3,0,0,0,0,0,1587
2008-11-10,0,0,0,0,4.3,7.3,2.3,4.3,0,0,0,0,0,656
2008-11-11,0,0,0,0,4.3,7.3,2.3,4.3,0,0,0,0,0,486
2008-11-12,0,0,0,0,4.3,7.3,2.3,4.3,0,0,0,0,0,583
2008-11-13,0,0,0,0,4.3,7.3,2.3,4.3,0,0,0,0,0,583
2008-11-14,0,0,0,0,4.3,7.3,2.3,4.3,0,0,0,0,0,665
2008-11-15,0,0,0,0,4.3,7.3,2.3,4.3,0,0,0,0,0,1284
2008-11-16,0,1,0,0,4.3,7.3,2.3,4.3,0,0,0,0,0,1872
2008-11-17,0,0,0,0,4.3,7.3,2.3,4.3,0,0,0,0,0,639
2008-11-18,0,0,0,0,4.3,7.3,2.3,4.3,0,0,0,0,0,491
2008-11-19,0,0,0,0,4.3,7.3,2.3,4.3,0,0,0,0,0,607
2008-11-20,0,0,0,0,4.3,7.3,2.3,4.3,0,0,0,0,0,553
2008-11-21,0,0,0,0,4.3,7.3,2.3,4.3,0,0,0,0,0,614
2008-11-22,0,0,0,0,4.3,7.3,2.3,4.3,0,0,0,0,0,602
2008-11-23,0,0,0,0,4.3,7.3,2.3,4.3,0,0,0,0,0,1247
2008-11-24,0,0,0,0,4.3,7.3,2.3,4.3,0,0,0,0,0,513
2008-11-25,0,0,0,0,4.3,7.3,2.3,4.3,0,0,0,0,0,448
2008-11-26,0,0,0,0,4.3,7.3,2.3,4.3,0,0,0,0,0,506
2008-11-27,0,0,0,0,4.3,7.3,2.3,4.3,0,0,0,0,0,484
2008-11-28,0,0,0,0,4.3,7.3,2.3,4.3,0,0,0,0,0,555
2008-11-29,0,0,0,0,4.3,7.3,2.3,4.3,0,0,0,0,0,841
2008-11-30,0,0,0,0,4.3,7.3,2.3,4.3,0,0,0,0,0,1076
2008-12-01,0,0,0,0,4.3,7.3,2.3,4.3,0,0,0,0,0,490
2008-12-02,0,0,0,0,4.3,7.3,2.3,4.3,0,0,0,0,0,456
2008-12-03,0,0,0,0,4.3,7.3,2.3,4.3,0,0,0,0,0,481
2008-12-04,0,0,0,0,4.3,7.3,2.3,4.3,0,0,0,0,0,507
2008-12-05,0,0,0,0,4.3,7.3,2.3,4.3,0,0,0,0,0,586
2008-12-06,0,1,0,0,4.3,7.3,2.3,4.3,0,0,0,0,0,753
2008-12-07,0,0,0,0,4.3,7.3,2.3,4.3,0,0,0,0,1,882
2008-12-08,0,0,0,0,4.3,7.3,2.3,4.3,0,0,0,0,1,263
2008-12-09,0,0,0,0,4.3,7.3,2.3,4.3,0,0,0,0,1,270
2008-12-10,0,0,0,0,4.3,7.3,2.3,4.3,0,0,0,0,1,285
2008-12-11,0,0,0,0,4.3,7.3,2.3,4.3,0,0,0,0,1,321
2008-12-12,0,0,0,0,4.3,7.3,2.3,4.3,0,0,0,0,1,364
2008-12-13,0,0,0,0,4.3,7.3,2.3,4.3,0,0,0,0,1,564
2008-12-14,0,0,0,0,4.3,7.3,2.3,4.3,0,0,0,0,1,947
2008-12-15,0,0,0,0,4.3,7.3,2.3,4.3,0,0,0,0,1,227
2008-12-16,0,0,0,0,4.3,7.3,2.3,4.3,0,0,0,0,1,265
2008-12-17,0,0,0,0,4.3,7.3,2.3,4.3,0,0,0,0,1,261
2008-12-18,0,0,0,0,4.3,7.3,2.3,4.3,0,0,0,0,1,255
2008-12-19,0,0,0,0,4.3,7.3,2.3,4.3,0,0,0,0,1,315
2008-12-20,0,0,0,0,4.3,7.3,2.3,4.3,0,0,0,0,1,498
2008-12-21,0,0,0,0,4.3,7.3,2.3,4.3,0,0,0,0,0,1353
2008-12-22,0,0,0,0,4.3,7.3,2.3,4.3,0,3,0,0,0,788
2008-12-23,0,0,0,0,4.3,7.3,2.3,4.3,0,3,0,0,0,866
2008-12-24,0,0,0,0,4.3,7.3,2.3,4.3,0,3,0,0,0,330
2008-12-26,3,0,0,0,4.3,7.3,2.3,4.3,0,3,0,0,0,597
2008-12-27,0,0,0,0,4.3,7.3,2.3,4.3,0,3,0,0,0,1008
2008-12-28,0,0,0,0,4.3,7.3,2.3,4.3,0,3,0,0,0,1648
2008-12-29,0,0,0,0,4.3,7.3,2.3,4.3,0,3,0,0,0,1582
2008-12-30,0,0,0,0,4.3,7.3,2.3,4.3,0,3,0,0,0,1447
2008-12-31,0,0,0,0,4.3,7.3,2.3,4.3,0,3,0,0,0,395
2009-01-01,3,0,0,0,4.3,7.3,2.3,4.3,0,3,0,0,0,545
2009-01-02,0,0,0,0,4.3,7.3,2.3,4.3,0,3,0,0,0,1485
2009-01-03,0,0,0,0,4.3,7.3,2.3,4.3,0,3,0,0,0,1369
2009-01-04,0,0,0,0,4.3,7.3,2.3,4.3,0,3,0,0,0,1045
2009-01-05,0,0,0,0,4.3,7.3,2.3,4.3,0,3,0,0,0,1240
2009-01-06,0,0,0,0,4.3,7.3,2.3,4.3,0,3,0,0,0,892
2009-01-07,0,0,0,0,4.3,7.3,2.3,4.3,0,0,0,0,0,428
2009-01-08,0,0,0,0,4.3,7.3,2.3,4.3,0,0,0,0,0,516
2009-01-09,0,0,0,0,4.3,7.3,2.3,4.3,0,0,0,0,0,575
2009-01-10,0,0,0,0,4.3,7.3,2.3,4.3,0,0,0,0,0,997
2009-01-11,0,0,0,0,4.3,7.3,2.3,4.3,0,0,0,0,0,1123
2009-01-12,0,0,0,0,4.3,7.3,2.3,4.3,0,0,0,0,0,539
2009-01-13,0,0,0,0,4.3,7.3,2.3,4.3,0,0,0,0,0,571
2009-01-14,0,0,0,0,4.3,7.3,2.3,4.3,0,0,0,0,0,544
2009-01-15,0,0,0,0,4.3,7.3,2.3,4.3,0,0,0,0,0,617
2009-01-16,0,0,0,0,4.3,7.3,2.3,4.3,0,0,0,0,0,719
2009-01-17,0,0,0,0,4.3,7.3,2.3,4.3,0,0,0,0,0,1778
2009-01-18,0,0,0,0,4.3,7.3,2.3,4.3,0,0,0,0,0,2671
2009-01-19,0,0,0,0,4.3,7.3,2.3,4.3,0,0,0,0,0,795
2009-01-20,0,0,0,0,4.3,7.3,2.3,4.3,0,0,0,0,0,712
2009-01-21,0,0,0,0,4.3,7.3,2.3,4.3,0,0,0,0,0,574
2009-01-22,0,0,0,0,4.3,7.3,2.3,4.3,0,0,0,0,0,681
2009-01-23,0,0,0,0,4.3,7.3,2.3,4.3,0,0,0,0,0,787
2009-01-24,0,0,0,0,4.3,7.3,2.3,4.3,0,0,0,0,0,1707
2009-01-25,0,0,0,0,4.3,7.3,2.3,4.3,0,0,0,0,0,2193
2009-01-26,0,0,0,0,4.3,7.3,2.3,4.3,0,0,0,0,0,1285
2009-01-27,0,0,0,0,4.3,7.3,2.3,4.3,0,0,0,0,0,617
2009-01-28,0,0,0,0,4.3,7.3,2.3,4.3,0,0,0,0,0,583
2009-01-29,0,0,0,0,4.3,7.3,2.3,4.3,0,0,0,0,0,570
2009-01-30,0,0,0,0,4.3,7.3,2.3,4.3,0,0,0,0,0,800
2009-01-31,0,0,0,0,4.3,7.3,2.3,4.3,0,0,0,0,0,1413
2009-02-01,0,0,0,0,4.3,7.3,2.3,4.3,0,0,0,0,0,2085
2009-02-02,0,0,0,0,4.3,7.3,2.3,4.3,0,1,0,0,0,1890
2009-02-03,0,0,0,0,4.3,7.3,2.3,4.3,0,1,0,0,0,1542
2009-02-04,0,0,0,0,4.3,7.3,2.3,4.3,0,0,0,0,0,611
2009-02-05,0,0,0,0,4.3,7.3,2.3,4.3,0,0,0,0,0,598
2009-02-06,0,0,0,0,4.3,7.3,2.3,4.3,0,0,0,0,0,790
2009-02-07,0,0,0,0,4.3,7.3,2.3,4.3,0,0,0,0,0,1718
2009-02-08,0,0,0,0,4.3,7.3,2.3,4.3,0,0,0,0,0,2270
2009-02-09,0,0,0,0,4.3,7.3,2.3,4.3,0,0,0,0,0,697
2009-02-10,0,0,0,0,4.3,7.3,2.3,4.3,0,0,0,0,0,649
2009-02-11,0,0,0,0,4.3,7.3,2.3,4.3,0,0,0,0,0,634
2009-02-12,0,0,0,0,4.3,7.3,2.3,4.3,0,0,0,0,0,600
2009-02-13,0,1,0,0,4.3,7.3,2.3,4.3,0,0,0,0,0,1376
2009-02-14,0,1,0,0,4.3,7.3,2.3,4.3,0,0,0,0,0,1965
2009-02-15,0,1,0,0,4.3,7.3,2.3,4.3,0,0,0,0,0,2507
2009-02-16,0,0,0,0,4.3,7.3,2.3,4.3,0,0,0,0,0,706
2009-02-17,0,0,0,0,4.3,7.3,2.3,4.3,0,0,0,0,0,622
2009-02-18,0,0,0,0,4.3,7.3,2.3,4.3,0,0,0,0,0,604
2009-02-19,0,0,0,0,4.3,7.3,2.3,4.3,0,0,0,0,0,609
2009-02-20,0,0,0,0,4.3,7.3,2.3,4.3,0,0,0,0,0,754
2009-02-21,0,0,0,0,4.3,7.3,2.3,4.3,0,0,0,0,0,1497
2009-02-22,0,0,0,0,4.3,7.3,2.3,4.3,0,0,0,0,0,2473
2009-02-23,0,0,0,0,4.3,7.3,2.3,4.3,0,0,0,0,0,1338
2009-02-24,0,0,0,0,4.3,7.3,2.3,4.3,0,0,0,0,0,693
2009-02-25,0,0,0,0,4.3,7.3,2.3,4.3,0,0,0,0,0,635
2009-02-26,0,0,0,0,4.3,7.3,2.3,4.3,0,0,0,0,0,644
2009-02-27,0,0,0,0,4.3,7.3,2.3,4.3,0,0,0,0,0,869
2009-02-28,0,0,0,0,4.3,7.3,2.3,4.3,0,0,0,0,0,1735
2009-03-01,0,0,0,0,4.3,7.3,2.3,4.3,0,0,0,0,0,2077
2009-03-02,0,0,0,0,4.3,7.3,2.3,4.3,0,0,0,0,0,667
2009-03-03,0,0,0,0,4.3,7.3,2.3,4.3,0,0,0,0,0,618
2009-03-04,0,0,0,0,4.3,7.3,2.3,4.3,0,0,0,0,0,628
2009-03-05,0,0,0,0,4.3,7.3,2.3,4.3,0,0,0,0,0,570
2009-03-06,0,0,0,0,4.3,7.3,2.3,4.3,0,0,0,0,0,836
2009-03-07,0,0,0,0,4.3,7.3,2.3,4.3,0,0,0,0,0,1742
2009-03-08,0,0,0,0,4.3,7.3,2.3,4.3,0,0,0,0,0,2408
2009-03-09,0,0,0,0,4.3,7.3,2.3,4.3,0,0,0,0,0,778
2009-03-10,0,0,0,0,4.3,7.3,2.3,4.3,0,0,0,0,0,709
2009-03-11,0,0,0,0,4.3,7.3,2.3,4.3,0,0,0,0,0,623
2009-03-12,0,0,0,0,4.3,7.3,2.3,4.3,0,0,0,0,0,580
2009-03-13,0,0,0,0,4.3,7.3,2.3,4.3,0,0,0,0,0,801
2009-03-14,0,0,0,0,4.3,7.3,2.3,4.3,0,0,0,0,0,1289
2009-03-15,0,0,0,0,4.3,7.3,2.3,4.3,0,0,0,0,0,2356
2009-03-16,0,0,0,0,4.3,7.3,2.3,4.3,0,0,0,0,0,657
2009-03-17,0,0,0,0,4.3,7.3,2.3,4.3,0,0,0,0,0,657
2009-03-18,0,0,0,0,4.3,7.3,2.3,4.3,0,0,0,0,0,615
2009-03-19,0,0,0,0,4.3,7.3,2.3,4.3,0,0,0,0,0,622
2009-03-20,0,0,0,0,4.3,7.3,2.3,4.3,0,0,0,0,0,747
2009-03-21,0,1,0,0,4.3,7.3,2.3,4.3,0,0,0,0,0,1458
2009-03-22,0,1,0,0,4.3,7.3,2.3,4.3,0,0,0,0,0,1988
2009-03-23,0,0,0,0,4.3,7.3,2.3,4.3,0,0,0,0,0,780
2009-03-24,0,0,0,0,4.3,7.3,2.3,4.3,0,0,0,0,0,680
2009-03-25,0,0,0,0,4.3,7.3,2.3,4.3,0,0,0,0,0,659
2009-03-26,0,0,0,0,4.3,7.3,2.3,4.3,0,0,0,0,0,636
2009-03-27,0,1,0,0,4.3,7.3,2.3,4.3,0,0,0,0,0,861
2009-03-28,0,0,0,0,4.3,7.3,2.3,4.3,0,0,0,0,0,1166
2009-03-29,0,0,0,0,4.3,7.3,2.3,4.3,0,0,0,0,0,1400
2009-03-30,0,0,0,0,4.3,7.3,2.3,4.3,0,1,0,0,0,1024
2009-03-31,0,0,0,0,4.3,7.3,2.3,4.3,0,1,0,0,0,949
2009-04-01,0,0,0,0,4.3,7.3,2.3,4.3,0,1,0,0,0,887
2009-04-02,0,0,0,0,4.3,7.3,2.3,4.3,0,1,0,0,0,937
2009-04-03,0,0,0,0,4.3,7.3,2.3,4.3,0,1,0,0,0,810
2009-04-04,0,0,0,0,4.3,7.3,2.3,4.3,0,1,0,0,0,859
2009-04-05,0,0,0,0,4.3,7.3,2.3,4.3,0,1,0,0,0,1313
2009-04-06,0,0,0,0,4.3,7.3,2.3,4.3,0,3,0,0,0,1379
2009-04-07,0,0,0,0,4.3,7.3,2.3,4.3,0,3,0,0,0,1303
2009-04-08,0,0,0,0,4.3,7.3,2.3,4.3,0,3,0,0,0,1437
2009-04-09,0,0,0,0,4.3,7.3,2.3,4.3,0,3,0,0,0,1236
2009-04-10,3,0,0,0,4.3,7.3,2.3,4.3,0,3,0,0,0,1172
2009-04-11,0,0,0,0,4.3,7.3,2.3,4.3,0,3,0,0,0,1134
2009-04-12,0,0,0,0,4.3,7.3,2.3,4.3,0,3,0,0,0,585
2009-04-13,3,0,0,0,4.3,7.3,2.3,4.3,0,3,0,0,0,1130
2009-04-14,0,0,0,0,4.3,7.3,2.3,4.3,0,3,0,0,0,1393
2009-04-15,0,0,0,0,4.3,7.3,2.3,4.3,0,3,0,0,0,1499
2009-04-16,0,0,0,0,4.3,7.3,2.3,4.3,0,2,0,0,0,1237
2009-04-17,0,0,0,0,4.3,7.3,2.3,4.3,0,2,0,0,0,1162
2009-04-18,0,0,0,0,4.3,7.3,2.3,4.3,0,2,0,0,0,1578
2009-04-19,0,0,0,0,4.3,7.3,2.3,4.3,0,0,0,0,0,1793
2009-04-20,0,0,1,1,4.3,7.3,2.3,4.3,0,0,0,0,0,523
2009-04-21,0,0,1,1,4.3,7.3,2.3,4.3,0,0,0,0,0,342
2009-04-22,0,0,1,1,4.3,7.3,2.3,4.3,0,0,0,0,0,284
2009-04-23,0,0,1,1,4.3,7.3,2.3,4.3,0,0,0,0,0,279
2009-04-24,0,0,1,1,4.3,7.3,2.3,4.3,0,0,0,0,0,304
2009-04-25,0,0,1,1,4.3,7.3,2.3,4.3,0,0,0,0,0,290
2009-04-26,0,0,1,1,4.3,7.3,2.3,4.3,0,0,0,0,0,364
2009-04-27,0,0,1,1,4.3,7.3,2.3,4.3,0,0,0,0,0,446
2009-04-28,0,0,1,1,4.3,7.3,2.3,4.3,0,0,0,0,0,326
2009-04-29,0,0,1,1,4.3,7.3,2.3,4.3,0,0,0,0,0,322
2009-04-30,0,0,1,1,4.3,7.3,2.3,4.3,0,0,0,0,0,275
2009-05-01,3,0,1,1,4.6,7.6,2.6,4.6,0,0,0,0,0,264
2009-05-02,0,0,1,1,4.6,7.6,2.6,4.6,0,0,0,0,0,355
2009-05-03,0,0,1,1,4.6,7.6,2.6,4.6,0,0,0,0,0,480
2009-05-04,0,0,1,1,4.6,7.6,2.6,4.6,0,0,0,0,0,476
2009-05-05,0,0,1,1,4.6,7.6,2.6,4.6,0,0,0,0,0,243
2009-05-06,0,0,1,1,4.6,7.6,2.6,4.6,0,0,0,0,0,314
2009-05-07,0,0,1,1,4.6,7.6,2.6,4.6,0,0,0,0,0,260
2009-05-08,0,0,1,1,4.6,7.6,2.6,4.6,0,0,0,0,0,240
2009-05-09,0,0,1,1,4.6,7.6,2.6,4.6,0,0,0,0,0,297
2009-05-10,0,0,1,1,4.6,7.6,2.6,4.6,0,0,0,0,0,264
2009-05-11,0,0,1,1,4.6,7.6,2.6,4.6,0,0,0,0,0,444
2009-05-12,0,0,1,1,4.6,7.6,2.6,4.6,0,0,0,0,0,278
2009-05-13,0,0,1,1,4.6,7.6,2.6,4.6,0,0,0,0,0,290
2009-05-14,0,0,1,1,4.6,7.6,2.6,4.6,0,0,0,0,0,265
2009-05-15,0,0,1,1,4.6,7.6,2.6,4.6,0,0,0,0,0,239
2009-05-16,0,0,1,1,4.6,7.6,2.6,4.6,0,0,0,0,0,325
2009-05-17,0,0,1,1,4.6,7.6,2.6,4.6,0,0,0,0,0,510
2009-05-18,0,0,1,1,4.6,7.6,2.6,4.6,1,0,0,0,0,507
2009-05-19,0,0,1,1,4.6,7.6,2.6,4.6,1,0,0,0,0,311
2009-05-20,0,0,1,1,4.6,7.6,2.6,4.6,1,0,0,0,0,340
2009-05-21,3,0,1,1,4.6,7.6,2.6,4.6,1,0,0,0,0,461
2009-05-22,0,0,1,1,4.6,7.6,2.6,4.6,1,1,0,0,0,415
2009-05-23,0,0,1,1,4.6,7.6,2.6,4.6,1,0,0,0,0,436
2009-05-24,0,0,1,1,4.6,7.6,2.6,4.6,1,0,0,0,0,890
2009-05-25,0,0,1,1,4.6,7.6,2.6,4.6,1,0,0,0,0,622
2009-05-26,0,0,1,1,4.6,7.6,2.6,4.6,1,0,0,0,0,391
2009-05-27,0,0,1,1,4.6,7.6,2.6,4.6,1,0,0,0,0,300
2009-05-28,0,0,1,1,4.6,7.6,2.6,4.6,1,0,0,0,0,239
2009-05-29,0,0,1,1,4.6,7.6,2.6,4.6,1,0,0,0,0,313
2009-05-30,0,0,1,1,4.6,7.6,2.6,4.6,1,0,0,0,0,531
2009-05-31,0,0,1,1,4.6,7.6,2.6,4.6,1,0,0,0,0,828
2009-06-01,3,0,1,1,4.6,7.6,2.6,4.6,1,0,0,0,0,1188
2009-06-02,0,0,1,1,4.6,7.6,2.6,4.6,1,3,0,0,0,784
2009-06-03,0,0,1,1,4.6,7.6,2.6,4.6,1,0,0,0,0,260
2009-06-04,0,0,1,1,4.6,7.6,2.6,4.6,1,0,0,0,0,268
2009-06-05,0,0,1,1,4.6,7.6,2.6,4.6,1,0,0,0,0,231
2009-06-06,0,1,1,1,4.6,7.6,2.6,4.6,1,0,0,0,0,382
2009-06-07,0,0,1,1,4.6,7.6,2.6,4.6,1,0,0,0,0,468
2009-06-08,0,0,1,1,4.6,7.6,2.6,4.6,1,0,0,0,0,410
2009-06-09,0,0,1,1,4.6,7.6,2.6,4.6,1,0,0,0,0,306
2009-06-10,0,0,1,0,4.6,7.6,2.6,4.6,1,0,0,0,0,322
2009-06-11,2,0,1,0,4.6,7.6,2.6,4.6,1,0,0,0,0,478
2009-06-12,0,1,1,0,4.6,7.6,2.6,4.6,1,0,0,0,0,379
2009-06-13,0,1,1,0,4.6,7.6,2.6,4.6,1,0,0,0,0,529
2009-06-14,0,1,1,0,4.6,7.6,2.6,4.6,1,0,0,0,0,560
2009-06-15,0,0,1,0,4.6,7.6,2.6,4.6,1,0,0,0,0,435
2009-06-16,0,0,1,0,4.6,7.6,2.6,4.6,1,0,0,0,0,288
2009-06-17,0,0,1,0,4.6,7.6,2.6,4.6,1,0,0,0,0,377
2009-06-18,0,0,1,0,4.6,7.6,2.6,4.6,1,0,0,0,0,328
2009-06-19,0,0,0,0,4.6,7.6,2.6,4.6,1,0,0,0,0,285
2009-06-20,0,1,0,0,4.6,7.6,2.6,4.6,1,0,0,0,0,377
2009-06-21,0,0,0,0,4.6,7.6,2.6,4.6,1,0,0,0,0,539
2009-06-22,0,0,0,0,4.6,7.6,2.6,4.6,1,0,0,0,1,330
2009-06-23,0,0,0,0,4.6,7.6,2.6,4.6,1,0,0,0,1,496
2009-06-24,0,0,0,0,4.6,7.6,2.6,4.6,1,0,0,0,1,623
2009-06-25,0,0,0,0,4.6,7.6,2.6,4.6,1,1,0,0,1,861
2009-06-26,0,0,0,0,4.6,7.6,2.6,4.6,1,1,0,0,1,639
2009-06-27,0,0,0,0,4.6,7.6,2.6,4.6,1,1,0,0,1,687
2009-06-28,0,0,0,0,4.6,7.6,2.6,4.6,1,1,0,0,1,2146
2009-06-29,0,0,0,0,4.6,7.6,2.6,4.6,1,1,0,0,1,1546
2009-06-30,0,0,0,0,4.6,7.6,2.6,4.6,1,1,0,0,1,2221
2009-07-01,0,0,0,0,4.6,7.6,2.6,4.6,1,1,0,0,1,2280
2009-07-02,0,0,0,0,4.6,7.6,2.6,4.6,1,3,0,0,1,1954
2009-07-03,0,0,0,0,4.6,7.6,2.6,4.6,1,3,0,0,1,2701
2009-07-04,0,0,0,0,4.6,7.6,2.6,4.6,0,3,0,0,1,1779
2009-07-05,0,0,0,0,4.6,7.6,2.6,4.6,0,3,0,0,1,2707
2009-07-06,0,0,0,0,4.6,7.6,2.6,4.6,0,3,0,0,1,1464
2009-07-07,0,0,0,0,4.6,7.6,2.6,4.6,0,3,0,0,1,1376
2009-07-08,0,0,0,0,4.6,7.6,2.6,4.6,0,3,0,0,1,1568
2009-07-09,0,0,0,0,4.6,7.6,2.6,4.6,0,3,0,0,1,1559
2009-07-10,0,0,0,0,4.6,7.6,2.6,4.6,0,3,0,0,1,1607
2009-07-11,0,0,0,0,4.6,7.6,2.6,4.6,0,3,0,0,1,1684
2009-07-12,0,0,0,0,4.6,7.6,2.6,4.6,0,3,0,0,1,2800
2009-07-13,0,0,0,0,4.6,7.6,2.6,4.6,0,3,0,0,1,1535
2009-07-14,0,0,0,0,4.6,7.6,2.6,4.6,0,3,0,0,1,1979
2009-07-15,0,0,0,0,4.6,7.6,2.6,4.6,0,3,0,0,1,1997
2009-07-16,0,0,0,0,4.6,7.6,2.6,4.6,0,3,0,0,1,2256
2009-07-17,0,0,0,0,4.6,7.6,2.6,4.6,0,3,0,0,1,1591
2009-07-18,0,0,0,0,4.6,7.6,2.6,4.6,0,3,0,0,1,1473
2009-07-19,0,0,0,0,4.6,7.6,2.6,4.6,0,3,0,0,1,2581
2009-07-20,0,0,0,0,4.6,7.6,2.6,4.6,0,3,0,0,1,1640
2009-07-21,0,0,0,0,4.6,7.6,2.6,4.6,0,3,0,0,1,2015
2009-07-22,0,0,0,0,4.6,7.6,2.6,4.6,0,3,0,0,1,2343
2009-07-23,0,0,0,0,4.6,7.6,2.6,4.6,0,3,0,0,1,1926
2009-07-24,0,0,0,0,4.6,7.6,2.6,4.6,0,3,0,0,1,1798
2009-07-25,0,0,0,0,4.6,7.6,2.6,4.6,0,3,0,0,1,2088
2009-07-26,0,0,0,0,4.6,7.6,2.6,4.6,0,3,0,0,1,2183
2009-07-27,0,0,0,0,4.6,7.6,2.6,4.6,0,3,0,0,1,2318
2009-07-28,0,0,0,0,4.6,7.6,2.6,4.6,0,3,0,0,1,1708
2009-07-29,0,0,0,0,4.6,7.6,2.6,4.6,0,3,0,0,1,2129
2009-07-30,0,0,0,0,4.6,7.6,2.6,4.6,0,3,0,0,1,1998
2009-07-31,0,0,0,0,4.6,7.6,2.6,4.6,0,3,0,0,1,1566
2009-08-01,0,0,0,0,4.6,7.6,2.6,4.6,0,3,0,0,1,1691
2009-08-02,0,0,0,0,4.6,7.6,2.6,4.6,0,3,0,0,1,2601
2009-08-03,0,0,0,0,4.6,7.6,2.6,4.6,0,3,0,0,1,1626
2009-08-04,0,0,0,0,4.6,7.6,2.6,4.6,0,3,0,0,1,2184
2009-08-05,0,0,0,0,4.6,7.6,2.6,4.6,0,3,0,0,1,3483
2009-08-06,0,0,0,0,4.6,7.6,2.6,4.6,0,2,0,0,1,2069
2009-08-07,0,0,0,0,4.6,7.6,2.6,4.6,0,2,0,0,1,1971
2009-08-08,0,0,0,0,4.6,7.6,2.6,4.6,0,2,0,0,1,1434
2009-08-09,0,0,0,0,4.6,7.6,2.6,4.6,0,2,0,0,1,2055
2009-08-10,0,0,0,0,4.6,7.6,2.6,4.6,0,2,0,0,1,805
2009-08-11,0,0,0,0,4.6,7.6,2.6,4.6,0,2,0,0,1,980
2009-08-12,0,0,0,0,4.6,7.6,2.6,4.6,0,2,0,0,1,1171
2009-08-13,0,0,0,0,4.6,7.6,2.6,4.6,0,2,0,0,1,1049
2009-08-14,0,0,0,0,4.6,7.6,2.6,4.6,0,2,0,0,0,997
2009-08-15,0,0,0,0,4.6,7.6,2.6,4.6,0,0,0,0,0,1471
2009-08-16,0,0,0,0,4.6,7.6,2.6,4.6,0,0,0,0,0,1852
2009-08-17,0,0,0,0,4.6,7.6,2.6,4.6,0,0,0,0,0,834
2009-08-18,0,0,0,0,4.6,7.6,2.6,4.6,0,0,0,0,0,761
2009-08-19,0,0,0,0,4.6,7.6,2.6,4.6,0,0,0,0,0,1487
2009-08-20,0,0,0,0,4.6,7.6,2.6,4.6,0,0,0,0,0,2613
2009-08-21,0,0,0,0,4.6,7.6,2.6,4.6,0,0,0,0,0,957
2009-08-22,0,0,0,0,4.6,7.6,2.6,4.6,0,0,0,0,0,1180
2009-08-23,0,0,0,0,4.6,7.6,2.6,4.6,0,0,0,0,0,1987
2009-08-24,0,0,0,0,4.6,7.6,2.6,4.6,0,0,0,0,0,1054
2009-08-25,0,0,0,0,4.6,7.6,2.6,4.6,0,0,0,0,0,668
2009-08-26,0,0,0,0,4.6,7.6,2.6,4.6,0,0,0,0,0,611
2009-08-27,0,0,0,0,4.6,7.6,2.6,4.6,0,0,0,0,0,758
2009-08-28,0,0,0,0,4.6,7.6,2.6,4.6,0,0,0,0,0,744
2009-08-29,0,0,0,0,4.6,7.6,2.6,4.6,0,0,0,0,0,1083
2009-08-30,0,0,0,0,4.6,7.6,2.6,4.6,0,0,0,0,0,1585
2009-08-31,0,0,0,0,4.6,7.6,2.6,4.6,0,0,0,0,0,740
2009-09-01,0,0,0,0,4.6,7.6,2.6,4.6,0,0,0,0,0,790
2009-09-02,0,0,0,0,4.6,7.6,2.6,4.6,0,0,0,0,0,539
2009-09-03,0,0,0,0,4.6,7.6,2.6,4.6,0,0,0,0,0,591
2009-09-04,0,0,0,0,4.6,7.6,2.6,4.6,0,0,0,0,0,626
2009-09-05,0,0,0,0,4.6,7.6,2.6,4.6,0,0,0,0,0,1529
2009-09-06,0,0,0,0,4.6,7.6,2.6,4.6,0,0,0,0,0,1540
2009-09-07,0,0,0,0,4.6,7.6,2.6,4.6,0,0,0,0,0,581
2009-09-08,0,0,0,0,4.6,7.6,2.6,4.6,0,0,0,0,0,651
2009-09-09,0,0,0,0,4.6,7.6,2.6,4.6,0,0,0,0,0,620
2009-09-10,0,0,0,0,4.6,7.6,2.6,4.6,0,0,0,0,0,523
2009-09-11,0,0,0,0,4.6,7.6,2.6,4.6,0,0,0,0,0,690
2009-09-12,0,1,0,0,4.6,7.6,2.6,4.6,0,0,0,0,0,816
2009-09-13,0,0,0,0,4.6,7.6,2.6,4.6,0,0,0,0,0,1394
2009-09-14,0,0,0,0,4.6,7.6,2.6,4.6,0,0,0,0,0,623
2009-09-15,0,0,0,0,4.6,7.6,2.6,4.6,0,0,0,0,0,540
2009-09-16,0,0,0,0,4.6,7.6,2.6,4.6,0,0,0,0,0,481
2009-09-17,0,0,0,0,4.6,7.6,2.6,4.6,0,0,0,0,0,503
2009-09-18,0,0,0,0,4.6,7.6,2.6,4.6,0,0,0,0,0,593
2009-09-19,0,0,0,0,4.6,7.6,2.6,4.6,0,0,0,0,0,768
2009-09-20,0,0,0,0,4.6,7.6,2.6,4.6,0,0,0,0,0,1124
2009-09-21,0,0,0,0,4.6,7.6,2.6,4.6,0,0,0,0,0,676
2009-09-22,0,0,0,0,4.6,7.6,2.6,4.6,0,0,0,0,0,485
2009-09-23,0,0,0,0,4.6,7.6,2.6,4.6,0,0,0,0,0,583
2009-09-24,0,0,0,0,4.6,7.6,2.6,4.6,0,0,0,0,0,496
2009-09-25,0,0,0,0,4.6,7.6,2.6,4.6,0,0,0,0,0,546
2009-09-26,0,1,0,0,4.6,7.6,2.6,4.6,0,0,0,0,0,899
2009-09-27,0,0,0,0,4.6,7.6,2.6,4.6,0,0,0,0,0,1676
2009-09-28,0,0,0,0,4.6,7.6,2.6,4.6,0,0,0,0,0,615
2009-09-29,0,0,0,0,4.6,7.6,2.6,4.6,0,0,0,0,0,541
2009-09-30,0,0,0,0,4.6,7.6,2.6,4.6,0,0,0,0,0,528
2009-10-01,0,0,0,0,4.6,7.6,2.6,4.6,0,0,0,0,0,390
2009-10-02,0,0,0,0,4.6,7.6,2.6,4.6,0,0,0,0,0,528
2009-10-03,3,0,0,0,4.6,7.6,2.6,4.6,0,0,0,0,0,1241
2009-10-04,0,0,0,0,4.6,7.6,2.6,4.6,0,0,0,0,0,1315
2009-10-05,0,0,0,0,4.6,7.6,2.6,4.6,0,1,0,0,0,878
2009-10-06,0,0,0,0,4.6,7.6,2.6,4.6,0,1,0,0,0,859
2009-10-07,0,0,0,0,4.6,7.6,2.6,4.6,0,1,0,0,0,1069
2009-10-08,0,0,0,0,4.6,7.6,2.6,4.6,0,1,0,0,0,1027
2009-10-09,0,0,0,0,4.6,7.6,2.6,4.6,0,1,0,0,0,826
2009-10-10,0,0,0,0,4.6,7.6,2.6,4.6,0,1,0,0,0,914
2009-10-11,0,0,0,0,4.6,7.6,2.6,4.6,0,1,0,0,0,1676
2009-10-12,0,0,0,0,4.6,7.6,2.6,4.6,0,3,0,0,0,1677
2009-10-13,0,0,0,0,4.6,7.6,2.6,4.6,0,3,0,0,0,1273
2009-10-14,0,0,0,0,4.6,7.6,2.6,4.6,0,3,0,0,0,1507
2009-10-15,0,0,0,0,4.6,7.6,2.6,4.6,0,3,0,0,0,1513
2009-10-16,0,0,0,0,4.6,7.6,2.6,4.6,0,3,0,0,0,1352
2009-10-17,0,0,0,0,4.6,7.6,2.6,4.6,0,3,0,0,0,1102
2009-10-18,0,0,0,0,4.6,7.6,2.6,4.6,0,2,0,0,0,1347
2009-10-19,0,0,0,0,4.6,7.6,2.6,4.6,0,2,0,0,0,1042
2009-10-20,0,0,0,0,4.6,7.6,2.6,4.6,0,2,0,0,0,915
2009-10-21,0,0,0,0,4.6,7.6,2.6,4.6,0,2,0,0,0,1063
2009-10-22,0,0,0,0,4.6,7.6,2.6,4.6,0,2,0,0,0,1204
2009-10-23,0,0,0,0,4.6,7.6,2.6,4.6,0,2,0,0,0,989
2009-10-24,0,0,0,0,4.6,7.6,2.6,4.6,0,2,0,0,0,1013
2009-10-25,0,0,0,0,4.6,7.6,2.6,4.6,0,0,0,0,0,1544
2009-10-26,0,0,0,0,4.6,7.6,2.6,4.6,0,0,0,0,0,665
2009-10-27,0,0,0,0,4.6,7.6,2.6,4.6,0,0,0,0,0,526
2009-10-28,0,0,0,0,4.6,7.6,2.6,4.6,0,0,0,0,0,524
2009-10-29,0,0,0,0,4.6,7.6,2.6,4.6,0,0,0,0,0,557
2009-10-30,0,0,0,0,4.6,7.6,2.6,4.6,0,0,0,0,0,668
2009-10-31,0,0,0,0,4.6,7.6,2.6,4.6,0,0,0,0,0,737
2009-11-01,2,0,0,0,4.6,7.6,2.6,4.6,0,0,0,0,0,1258
2009-11-02,0,0,0,0,4.6,7.6,2.6,4.6,0,0,0,0,0,590
2009-11-03,0,0,0,0,4.6,7.6,2.6,4.6,0,0,0,0,0,478
2009-11-04,0,0,0,0,4.6,7.6,2.6,4.6,0,0,0,0,0,537
2009-11-05,0,0,0,0,4.6,7.6,2.6,4.6,0,0,0,0,0,526
2009-11-06,0,0,0,0,4.6,7.6,2.6,4.6,0,0,0,0,0,609
2009-11-07,0,1,0,0,4.6,7.6,2.6,4.6,0,0,0,0,0,1393
2009-11-08,0,0,0,0,4.6,7.6,2.6,4.6,0,0,0,0,0,1304
2009-11-09,0,0,0,0,4.6,7.6,2.6,4.6,0,0,0,0,0,519
2009-11-10,0,0,0,0,4.6,7.6,2.6,4.6,0,0,0,0,0,493
2009-11-11,0,0,0,0,4.6,7.6,2.6,4.6,0,0,0,0,0,479
2009-11-12,0,0,0,0,4.6,7.6,2.6,4.6,0,0,0,0,0,461
2009-11-13,0,0,0,0,4.6,7.6,2.6,4.6,0,0,0,0,0,584
2009-11-14,0,0,0,0,4.6,7.6,2.6,4.6,0,0,0,0,0,1147
2009-11-15,0,0,0,0,4.6,7.6,2.6,4.6,0,0,0,0,0,1574
2009-11-16,0,0,0,0,4.6,7.6,2.6,4.6,0,0,0,0,0,581
2009-11-17,0,0,0,0,4.6,7.6,2.6,4.6,0,0,0,0,0,470
2009-11-18,0,0,0,0,4.6,7.6,2.6,4.6,0,0,0,0,0,516
2009-11-19,0,0,0,0,4.6,7.6,2.6,4.6,0,0,0,0,0,479
2009-11-20,0,0,0,0,4.6,7.6,2.6,4.6,0,0,0,0,0,538
2009-11-21,0,0,0,0,4.6,7.6,2.6,4.6,0,0,0,0,0,895
2009-11-22,0,0,0,0,4.6,7.6,2.6,4.6,0,0,0,0,0,1560
2009-11-23,0,0,0,0,4.6,7.6,2.6,4.6,0,0,0,0,0,592
2009-11-24,0,0,0,0,4.6,7.6,2.6,4.6,0,0,0,0,0,483
2009-11-25,0,0,0,0,4.6,7.6,2.6,4.6,0,0,0,0,0,503
2009-11-26,0,0,0,0,4.6,7.6,2.6,4.6,0,0,0,0,0,459
2009-11-27,0,0,0,0,4.6,7.6,2.6,4.6,0,0,0,0,0,558
2009-11-28,0,0,0,0,4.6,7.6,2.6,4.6,0,0,0,0,0,890
2009-11-29,0,0,0,0,4.6,7.6,2.6,4.6,0,0,0,0,0,1171
2009-11-30,0,0,0,0,4.6,7.6,2.6,4.6,0,0,0,0,0,555
2009-12-01,0,0,0,0,4.6,7.6,2.6,4.6,0,0,0,0,0,448
2009-12-02,0,0,0,0,4.6,7.6,2.6,4.6,0,0,0,0,0,468
2009-12-03,0,0,0,0,4.6,7.6,2.6,4.6,0,0,0,0,0,454
2009-12-04,0,0,0,0,4.6,7.6,2.6,4.6,0,0,0,0,0,512
2009-12-05,0,0,0,0,4.6,7.6,2.6,4.6,0,0,0,0,0,879
2009-12-06,0,0,0,0,4.6,7.6,2.6,4.6,0,0,0,0,0,1162
2009-12-07,0,0,0,0,4.6,7.6,2.6,4.6,0,0,0,0,0,458
2009-12-08,0,0,0,0,4.6,7.6,2.6,4.6,0,0,0,0,0,467
2009-12-09,0,0,0,0,4.6,7.6,2.6,4.6,0,0,0,0,0,461
2009-12-10,0,0,0,0,4.6,7.6,2.6,4.6,0,0,0,0,0,433
2009-12-11,0,0,0,0,4.6,7.6,2.6,4.6,0,0,0,0,0,549
2009-12-12,0,0,0,0,4.6,7.6,2.6,4.6,0,0,0,0,0,1108
2009-12-13,0,0,0,0,4.6,7.6,2.6,4.6,0,0,0,0,0,1123
2009-12-14,0,0,0,0,4.6,7.6,2.6,4.6,0,0,0,0,0,480
2009-12-15,0,0,0,0,4.6,7.6,2.6,4.6,0,0,0,0,0,411
2009-12-16,0,0,0,0,4.6,7.6,2.6,4.6,0,0,0,0,0,462
2009-12-17,0,0,0,0,4.6,7.6,2.6,4.6,0,0,0,0,0,309
2009-12-18,0,0,0,0,4.6,7.6,2.6,4.6,0,0,0,0,0,325
2009-12-19,0,0,0,0,4.6,7.6,2.6,4.6,0,0,0,0,0,434
2009-12-20,0,0,0,0,4.6,7.6,2.6,4.6,0,0,0,0,0,522
2009-12-21,0,0,0,0,4.6,7.6,2.6,4.6,0,0,0,0,0,296
2009-12-22,0,0,0,0,4.6,7.6,2.6,4.6,0,0,0,0,0,328
2009-12-23,0,0,0,0,4.6,7.6,2.6,4.6,0,1,0,0,0,483
2009-12-24,0,0,0,0,4.6,7.6,2.6,4.6,0,3,0,0,0,372
2009-12-26,3,0,0,0,4.6,7.6,2.6,4.6,0,3,0,0,0,785
2009-12-27,0,0,0,0,4.6,7.6,2.6,4.6,0,3,0,0,0,1524
2009-12-28,0,0,0,0,4.6,7.6,2.6,4.6,0,3,0,0,0,1542
2009-12-29,0,0,0,0,4.6,7.6,2.6,4.6,0,3,0,0,0,1922
2009-12-30,0,0,0,0,4.6,7.6,2.6,4.6,0,3,0,0,0,1576
2009-12-31,0,0,0,0,4.6,7.6,2.6,4.6,0,3,0,0,0,392
