date,air_humidity,air_temperature_daily_max,air_temperature_daily_mean,air_temperature_daily_min,precipitation,snow_height,sunshine_hours,wind_speed_max
2005-03-20,69.0,8.9,4.4,0.2,0.0,0,11.1,7.6
2005-03-21,58.0,13.2,6.2,-0.3,0.0,0,11.3,9.7
2005-03-22,52.0,18.0,10.6,3.0,3.3,0,8.6,9.2
2005-03-23,79.0,17.6,12.5,7.2,0.0,0,8.4,8.2
2005-03-24,71.0,20.1,13.3,6.4,4.3,0,7.9,8.6
2005-03-25,89.0,15.5,11.6,9.1,2.2,0,1.6,8.5
2005-03-26,91.0,14.0,10.0,6.6,0.0,0,3.2,6.9
2005-03-27,86.0,15.0,10.3,6.6,0.0,0,3.5,8.5
2005-03-28,89.0,13.5,10.5,8.7,2.0,0,0.5,6.6
2005-03-29,91.0,13.3,10.2,8.0,0.0,0,0.3,8.4
2005-03-30,66.0,14.1,9.7,7.0,0.0,0,4.8,12.3
2005-03-31,55.0,13.8,7.9,2.3,0.0,0,12.1,9.9
2005-04-01,49.0,15.2,8.4,1.1,0.0,0,12.4,9.1
2005-04-02,44.0,17.0,10.3,1.5,0.0,0,12.5,10.8
2005-04-03,40.0,20.9,13.1,2.8,0.0,0,12.3,7.1
2005-04-04,49.0,21.6,14.5,6.8,3.8,0,8.9,10.5
2005-04-05,71.0,13.0,9.2,4.8,0.0,0,4.7,13.4
2005-04-06,65.0,13.8,9.4,3.5,2.3,0,5.5,13.4
2005-04-07,75.0,12.5,8.9,6.0,2.6,0,7.8,20.6
2005-04-08,82.0,10.0,6.3,2.8,2.2,0,0.8,8.4
2005-04-09,75.0,8.0,4.1,1.5,2.0,0,3.7,11.6
2005-04-10,91.0,10.4,6.5,3.9,3.1,0,0.1,10.3
2005-04-11,82.0,12.1,8.4,4.7,0.0,0,0.0,6.5
2005-04-12,75.0,16.5,9.8,2.5,0.0,0,3.8,4.3
2005-04-13,71.0,16.5,12.1,8.0,0.5,0,3.5,9.7
2005-04-14,69.0,17.1,13.4,9.6,0.0,0,3.5,9.5
2005-04-15,74.0,21.2,12.9,8.1,2.0,0,8.8,15.3
2005-04-16,72.0,20.3,13.0,7.3,0.0,0,6.0,10.1
2005-04-17,86.0,16.2,11.3,8.3,0.0,0,3.6,9.4
2005-04-18,84.0,17.2,12.7,8.5,0.1,0,0.9,6.0
2005-04-19,90.0,,8.9,,3.8,0,,
2005-04-20,54.0,12.7,7.9,2.7,0.0,0,10.4,11.8
2005-04-21,58.0,13.4,7.0,-0.5,0.0,0,11.3,7.0
2005-04-22,55.0,15.4,8.1,-0.5,0.0,0,13.7,5.9
2005-04-23,57.0,17.9,10.2,1.5,0.0,0,13.1,7.9
2005-04-24,55.0,18.0,11.8,4.5,0.0,0,10.7,10.8
2005-04-25,65.0,12.7,8.8,6.0,1.4,0,4.3,11.5
2005-04-26,78.0,13.5,10.7,7.5,4.3,0,0.6,6.9
2005-04-27,78.0,15.5,11.1,7.3,3.7,0,4.1,14.5
2005-04-28,66.0,17.5,12.3,6.5,0.0,0,11.1,7.8
2005-04-29,86.0,16.9,12.9,9.2,7.2,0,1.0,6.4
2005-04-30,88.0,18.4,14.1,9.2,0.0,0,0.3,5.4
2005-05-01,71.0,27.5,18.7,8.4,0.0,0,11.6,5.9
2005-05-02,65.0,25.5,20.2,13.9,1.6,0,5.5,9.5
2005-05-03,95.0,16.6,14.1,10.5,10.9,0,0.2,8.9
2005-05-04,84.0,16.7,13.0,8.3,0.0,0,2.6,9.6
2005-05-05,66.0,14.0,9.5,3.7,3.9,0,6.5,12.7
2005-05-06,85.0,12.8,8.8,5.4,4.5,0,2.8,14.7
2005-05-07,90.0,10.0,6.7,3.9,6.8,0,0.5,15.1
2005-05-08,87.0,10.6,5.9,2.8,8.6,0,4.8,16.7
2005-05-09,84.0,11.7,6.4,3.1,6.8,0,4.8,10.0
2005-05-10,81.0,11.9,7.4,4.3,1.9,0,3.9,13.0
2005-05-11,77.0,13.5,8.1,3.7,1.1,0,5.4,10.8
2005-05-12,75.0,13.0,7.8,1.8,0.0,0,6.3,7.5
2005-05-13,67.0,16.8,11.1,3.3,0.0,0,10.0,10.0
2005-05-14,71.0,15.6,11.6,9.3,0.3,0,0.5,9.1
2005-05-15,82.0,12.7,9.4,6.8,0.2,0,3.7,7.4
2005-05-16,81.0,15.8,9.4,3.5,1.7,0,1.8,10.4
2005-05-17,68.0,12.6,8.0,4.5,0.0,0,3.3,6.9
2005-05-18,66.0,13.8,8.0,1.8,0.0,0,8.6,7.3
2005-05-19,58.0,18.9,12.0,2.1,1.9,0,11.7,10.6
2005-05-20,74.0,21.6,15.0,10.1,11.2,0,4.3,9.3
2005-05-21,73.0,21.2,16.5,11.4,0.0,0,6.4,7.3
2005-05-22,67.0,21.7,16.8,12.2,1.2,0,7.8,9.8
2005-05-23,69.0,18.3,14.0,8.4,0.0,0,7.9,9.1
2005-05-24,64.0,19.1,14.1,8.1,0.0,0,5.7,9.7
2005-05-25,65.0,23.0,17.5,12.5,0.0,0,8.2,12.5
2005-05-26,58.0,29.6,21.8,11.7,0.0,0,12.7,11.3
2005-05-27,59.0,31.0,23.4,14.1,0.0,0,14.4,6.1
2005-05-28,52.0,31.7,24.8,14.9,0.0,0,14.7,11.1
2005-05-29,57.0,24.7,17.9,11.7,18.1,0,12.4,11.3
2005-05-30,91.0,13.2,9.9,7.9,5.2,0,0.0,12.2
2005-05-31,85.0,15.7,10.1,6.0,5.5,0,4.8,12.9
2005-06-01,67.0,16.3,10.7,4.3,2.3,0,8.5,7.5
2005-06-02,84.0,19.6,14.0,9.3,0.0,0,0.7,8.6
2005-06-03,74.0,26.2,18.7,12.1,0.6,0,12.0,16.9
2005-06-04,83.0,17.8,13.6,11.5,11.6,0,4.1,15.1
2005-06-05,93.0,15.5,12.6,10.5,19.0,0,0.5,9.4
2005-06-06,74.0,14.1,10.7,6.7,0.1,0,1.7,10.8
2005-06-07,68.0,15.4,10.5,6.4,0.0,0,8.0,14.2
2005-06-08,70.0,16.5,10.9,4.8,0.0,0,8.3,8.2
2005-06-09,65.0,19.8,13.0,4.2,0.0,0,12.1,6.6
2005-06-10,74.0,19.8,12.8,9.0,0.7,0,4.2,12.5
2005-06-11,76.0,14.0,10.2,8.0,0.3,0,2.5,10.4
2005-06-12,77.0,14.2,10.6,5.8,7.3,0,5.0,11.1
2005-06-13,78.0,16.9,11.7,7.1,0.2,0,7.2,11.6
2005-06-14,63.0,21.9,15.2,6.5,0.0,0,12.8,7.3
2005-06-15,63.0,25.0,18.2,8.0,0.0,0,13.0,9.6
2005-06-16,62.0,22.6,19.0,13.7,0.0,0,7.9,10.7
2005-06-17,83.0,23.2,18.7,15.0,0.3,0,1.0,10.4
2005-06-18,58.0,23.4,17.4,12.2,0.0,0,14.7,7.1
2005-06-19,57.0,27.9,20.1,9.8,0.0,0,16.1,5.7
2005-06-20,59.0,30.6,24.0,14.6,0.0,0,15.6,6.2
2005-06-21,66.0,27.4,22.2,14.8,0.0,0,8.1,10.9
2005-06-22,64.0,24.6,18.8,13.0,0.0,0,11.8,8.0
2005-06-23,57.0,29.2,22.0,12.4,0.0,0,16.0,6.6
2005-06-24,60.0,32.0,24.5,18.2,0.0,0,8.7,5.8
2005-06-25,83.0,23.6,19.0,12.6,3.5,0,4.4,9.8
2005-06-26,67.0,22.9,17.0,12.3,0.0,0,12.6,7.3
2005-06-27,62.0,24.5,17.7,9.9,0.0,0,15.9,7.9
2005-06-28,66.0,24.6,17.4,9.3,0.0,0,15.2,7.2
2005-06-29,65.0,24.7,17.5,11.6,0.0,0,4.8,6.2
2005-06-30,82.0,19.8,17.1,14.6,3.6,0,1.2,5.8
2005-07-01,85.0,22.3,16.5,12.2,3.4,0,1.6,11.6
2005-07-02,76.0,23.0,18.3,10.2,0.0,0,6.9,5.5
2005-07-03,74.0,25.9,20.4,16.9,0.0,0,5.9,6.4
2005-07-04,76.0,29.5,20.3,13.3,7.8,0,8.4,14.9
2005-07-05,72.0,20.2,14.7,9.5,0.0,0,7.0,9.5
2005-07-06,79.0,20.4,14.9,8.7,5.5,0,4.6,9.5
2005-07-07,80.0,19.4,15.0,12.2,0.2,0,2.6,6.9
2005-07-08,86.0,19.6,14.7,11.5,5.2,0,2.5,8.1
2005-07-09,87.0,19.8,15.8,10.7,0.0,0,1.3,5.8
2005-07-10,66.0,28.9,21.5,13.7,1.1,0,11.1,12.2
2005-07-11,69.0,28.2,21.2,13.9,0.0,0,12.4,9.9
2005-07-12,62.0,30.3,22.5,14.1,0.0,0,12.4,8.8
2005-07-13,69.0,,21.7,,0.0,0,,
2005-07-14,69.0,28.3,21.3,14.9,0.0,0,12.0,5.8
2005-07-15,61.0,28.4,22.0,15.7,0.0,0,11.0,11.7
2005-07-16,69.0,23.3,17.9,11.8,0.0,0,7.1,9.3
2005-07-17,71.0,22.2,16.6,10.2,0.0,0,5.6,7.3
2005-07-18,65.0,28.5,20.4,11.6,0.0,0,12.1,6.6
2005-07-19,64.0,21.6,18.3,15.8,0.4,0,3.8,11.2
2005-07-20,73.0,20.8,15.8,12.2,1.8,0,3.3,16.3
2005-07-21,87.0,16.5,14.3,12.3,3.1,0,0.4,13.0
2005-07-22,94.0,14.4,13.2,11.8,4.4,0,0.0,8.4
2005-07-23,79.0,17.8,14.5,11.8,0.0,0,0.6,7.8
2005-07-24,76.0,24.7,17.5,9.8,3.4,0,7.8,6.9
2005-07-25,90.0,22.3,17.6,15.3,13.8,0,1.8,8.3
2005-07-26,92.0,16.5,14.7,11.0,0.9,0,1.2,6.8
2005-07-27,88.0,25.2,17.7,12.4,3.7,0,2.1,6.5
2005-07-28,77.0,30.9,23.4,17.5,0.3,0,9.2,8.8
2005-07-29,81.0,28.6,21.8,18.0,6.5,0,6.4,11.1
2005-07-30,82.0,22.9,18.0,13.1,5.8,0,5.2,10.1
2005-07-31,84.0,19.7,15.3,13.1,4.7,0,1.8,11.9
2005-08-01,74.0,19.4,15.0,11.0,0.0,0,0.7,7.5
2005-08-02,78.0,19.9,14.3,9.0,0.0,0,4.6,4.4
2005-08-03,80.0,23.6,16.4,12.2,2.9,0,6.2,12.6
2005-08-04,79.0,20.6,15.4,11.2,2.1,0,7.8,12.3
2005-08-05,85.0,20.2,14.8,10.7,6.9,0,0.5,10.5
2005-08-06,91.0,17.5,12.3,9.4,5.5,0,4.5,11.9
2005-08-07,88.0,17.3,12.1,9.3,3.1,0,4.8,10.9
2005-08-08,89.0,19.8,13.8,11.0,1.8,0,2.1,9.7
2005-08-09,79.0,16.7,13.3,10.6,0.8,0,1.1,10.0
2005-08-10,84.0,18.2,13.8,11.1,1.3,0,2.0,11.8
2005-08-11,84.0,18.2,14.7,11.2,0.2,0,0.5,9.2
2005-08-12,93.0,19.7,13.8,10.0,4.6,0,2.2,5.7
2005-08-13,74.0,20.2,15.6,11.4,4.0,0,5.1,7.9
2005-08-14,89.0,19.3,15.6,13.7,8.8,0,1.1,8.5
2005-08-15,89.0,19.4,15.8,11.6,0.1,0,0.1,8.3
2005-08-16,87.0,18.8,14.1,9.9,0.0,0,1.5,3.8
2005-08-17,77.0,23.0,16.0,8.0,0.0,0,13.6,6.5
2005-08-18,69.0,27.3,20.1,11.7,0.0,0,13.4,8.7
2005-08-19,71.0,,21.5,,9.8,0,9.4,
2005-08-20,,,17.5,,0.9,0,,
2005-08-21,,,17.1,,0.2,0,,
2005-08-22,,,16.5,,0.3,0,,
2005-08-23,,,17.4,,0.0,0,,
2005-08-24,,,15.3,,0.7,0,,
2005-08-25,90.0,,,,3.8,0,,
2005-08-26,83.0,16.6,12.5,9.6,0.4,0,5.5,14.5
2005-08-27,81.0,19.4,14.6,11.0,0.1,0,1.4,8.0
2005-08-28,76.0,22.8,16.0,9.3,0.0,0,10.0,6.7
2005-08-29,73.0,25.4,18.0,10.1,0.0,0,12.9,6.9
2005-08-30,74.0,25.9,18.8,11.0,0.0,0,12.6,6.1
2005-08-31,68.0,28.9,21.5,13.0,0.0,0,12.8,10.1
2005-09-01,73.0,29.4,21.4,16.3,0.0,0,10.2,11.2
2005-09-02,81.0,24.4,19.4,15.6,0.0,0,5.3,5.6
2005-09-03,73.0,23.6,18.3,12.6,0.0,0,10.4,8.3
2005-09-04,71.0,25.0,17.6,9.7,0.0,0,11.9,8.4
2005-09-05,63.0,26.4,19.2,12.6,0.0,0,12.6,8.4
2005-09-06,64.0,28.5,20.3,12.0,0.0,0,11.5,5.9
2005-09-07,74.0,28.4,21.1,13.6,0.0,0,10.3,6.4
2005-09-08,72.0,28.2,21.4,15.5,0.0,0,11.5,6.9
2005-09-09,76.0,26.2,20.6,15.9,0.0,0,7.3,7.4
2005-09-10,78.0,26.3,20.5,15.7,0.0,0,10.0,6.2
2005-09-11,90.0,18.0,16.9,16.0,0.0,0,0.0,7.4
2005-09-12,81.0,20.5,16.3,10.8,0.0,0,3.2,10.8
2005-09-13,79.0,20.3,14.2,9.5,0.0,0,10.0,4.4
2005-09-14,90.0,18.0,14.9,10.0,1.3,0,1.5,11.0
2005-09-15,93.0,18.5,14.6,11.5,22.6,0,1.5,7.7
2005-09-16,85.0,16.0,11.3,5.8,1.6,0,4.9,12.7
2005-09-17,83.0,15.9,9.3,4.2,0.4,0,9.0,8.2
2005-09-18,78.0,17.0,10.0,3.3,0.0,0,11.5,4.8
2005-09-19,77.0,18.9,11.1,4.7,0.0,0,11.5,5.8
2005-09-20,76.0,20.5,11.9,4.9,0.0,0,11.0,5.3
2005-09-21,78.0,20.8,12.9,5.2,0.0,0,10.9,5.6
2005-09-22,76.0,21.2,13.7,7.8,0.0,0,10.8,5.9
2005-09-23,76.0,23.0,14.9,7.8,0.0,0,10.4,7.8
2005-09-24,89.0,19.9,14.0,9.6,0.2,0,4.2,6.0
2005-09-25,85.0,21.4,15.2,9.7,1.3,0,3.2,6.3
2005-09-26,90.0,17.8,14.4,12.4,1.8,0,1.0,7.7
2005-09-27,82.0,18.4,15.4,12.9,1.4,0,0.0,9.1
2005-09-28,88.0,,12.5,,3.6,0,,
2005-09-29,84.0,14.6,11.1,9.1,4.9,0,3.0,13.1
2005-09-30,83.0,14.7,11.3,7.6,14.9,0,1.7,10.1
2005-10-01,95.0,14.2,11.9,7.9,1.7,0,0.4,10.5
2005-10-02,90.0,16.4,10.4,7.3,0.1,0,4.1,6.9
2005-10-03,90.0,16.0,9.8,4.7,0.0,0,6.9,6.9
2005-10-04,90.0,14.8,11.3,7.1,0.0,0,0.4,9.8
2005-10-05,90.0,17.3,13.3,10.7,0.0,0,6.3,9.3
2005-10-06,97.0,17.0,12.5,8.9,0.0,0,3.9,6.5
2005-10-07,89.0,19.1,12.6,8.4,0.0,0,7.1,9.1
2005-10-08,89.0,18.8,13.3,8.2,0.0,0,6.8,6.3
2005-10-09,89.0,18.6,14.2,10.4,0.0,0,2.7,7.1
2005-10-10,87.0,21.5,14.3,9.3,0.0,0,8.5,5.5
2005-10-11,81.0,19.4,13.2,8.7,0.0,0,9.2,7.3
2005-10-12,80.0,21.4,14.0,8.8,0.0,0,8.7,6.2
2005-10-13,84.0,19.5,11.9,6.3,0.0,0,8.8,5.4
2005-10-14,86.0,20.2,11.0,4.6,0.0,0,8.2,3.3
2005-10-15,91.0,16.5,10.0,6.2,0.0,0,6.2,7.8
2005-10-16,76.0,14.5,9.0,4.9,0.0,0,8.7,9.7
2005-10-17,75.0,13.8,8.4,3.4,0.0,0,8.5,11.4
2005-10-18,79.0,12.7,8.2,4.2,0.0,0,8.3,11.8
2005-10-19,82.0,13.7,7.7,3.7,2.2,0,3.0,7.7
2005-10-20,83.0,16.7,11.7,8.5,0.9,0,3.3,12.9
2005-10-21,92.0,15.4,11.9,6.2,11.2,0,0.6,12.6
2005-10-22,90.0,14.1,11.9,10.0,2.5,0,1.5,10.9
2005-10-23,96.0,13.0,10.9,8.1,2.1,0,0.2,9.6
2005-10-24,97.0,14.1,11.4,8.5,13.5,0,0.0,12.4
2005-10-25,88.0,14.8,13.5,12.7,3.9,0,0.0,15.5
2005-10-26,84.0,17.1,13.4,10.8,0.0,0,2.7,15.0
2005-10-27,87.0,19.4,14.8,9.2,0.0,0,6.3,7.2
2005-10-28,76.0,21.6,16.3,10.6,0.0,0,7.8,11.0
2005-10-29,77.0,20.9,15.4,9.9,0.0,0,7.6,9.2
2005-10-30,73.0,20.5,15.4,10.7,0.0,0,7.6,7.6
2005-10-31,68.0,21.0,15.4,9.7,1.3,0,7.7,8.3
2005-11-01,81.0,16.6,13.2,8.3,0.5,0,2.7,10.7
2005-11-02,86.0,13.8,11.0,6.2,2.9,0,0.0,10.6
2005-11-03,78.0,19.0,15.5,13.2,0.0,0,5.4,12.2
2005-11-04,84.0,15.1,13.4,11.1,1.2,0,0.5,9.0
2005-11-05,84.0,12.1,8.8,6.2,0.0,0,4.7,9.9
2005-11-06,82.0,14.6,10.3,6.9,0.0,0,7.4,10.6
2005-11-07,92.0,10.3,9.4,7.8,3.5,0,0.0,9.9
2005-11-08,82.0,15.4,10.7,7.2,0.0,0,7.2,11.2
2005-11-09,74.0,14.0,11.2,8.7,0.0,0,6.4,9.2
2005-11-10,86.0,11.3,8.5,4.5,0.5,0,4.5,12.8
2005-11-11,94.0,12.9,10.7,8.7,0.1,0,0.0,11.2
2005-11-12,86.0,10.1,8.7,5.2,0.0,0,0.0,12.7
2005-11-13,87.0,10.8,7.9,3.8,0.0,0,0.8,4.2
2005-11-14,96.0,8.6,4.8,2.6,1.2,0,5.1,9.8
2005-11-15,96.0,7.1,6.0,4.7,6.5,0,0.0,12.1
2005-11-16,95.0,5.7,3.9,1.2,1.9,0,0.2,12.5
2005-11-17,94.0,7.1,3.2,1.3,7.8,0,2.1,11.9
2005-11-18,96.0,5.8,1.6,-2.1,0.0,0,4.0,5.2
2005-11-19,98.0,3.1,0.1,-3.4,0.3,0,4.5,6.1
2005-11-20,96.0,5.9,4.8,3.1,2.9,0,0.0,8.1
2005-11-21,93.0,8.6,4.1,-1.7,0.0,0,2.5,8.8
2005-11-22,98.0,2.6,0.2,-2.7,0.0,0,0.0,2.9
2005-11-23,93.0,5.3,2.6,0.7,0.2,0,1.2,2.7
2005-11-24,96.0,3.3,1.9,0.7,9.6,0,0.1,12.8
2005-11-25,99.0,2.0,0.4,-1.0,44.4,0,0.0,
2005-11-26,98.0,0.7,0.0,-0.8,3.5,28,0.0,10.6
2005-11-27,95.0,2.0,0.6,-0.4,1.4,26,0.9,4.5
2005-11-28,98.0,1.5,0.3,-0.7,0.0,22,0.5,5.4
2005-11-29,99.0,2.2,1.6,0.7,0.0,15,0.0,8.4
2005-11-30,94.0,3.5,1.8,0.7,0.0,7,2.1,8.6
2005-12-01,80.0,2.5,0.9,-1.2,0.0,6,5.8,8.2
2005-12-02,67.0,4.5,1.7,-1.6,0.6,6,3.9,8.3
2005-12-03,77.0,6.4,4.4,2.7,1.7,0,3.7,11.2
2005-12-04,93.0,7.5,6.4,5.8,1.8,0,0.0,9.2
2005-12-05,92.0,6.9,6.3,5.9,0.1,0,0.0,10.6
2005-12-06,89.0,6.3,5.7,5.0,0.1,0,0.0,7.2
2005-12-07,93.0,6.5,5.6,5.1,5.7,0,0.0,9.2
2005-12-08,97.0,5.4,4.4,3.2,1.2,0,0.0,8.9
2005-12-09,91.0,4.3,3.2,0.2,0.0,0,0.2,5.4
2005-12-10,100.0,1.1,-1.1,-3.5,0.0,0,0.0,5.8
2005-12-11,86.0,3.1,2.4,1.0,1.1,0,0.0,8.4
2005-12-12,92.0,,4.7,,0.3,0,,
2005-12-13,91.0,6.7,4.4,1.0,0.8,0,0.0,6.4
2005-12-14,92.0,6.7,5.6,4.3,1.4,0,0.3,7.9
2005-12-15,86.0,7.2,6.1,5.1,15.3,0,0.1,14.6
2005-12-16,86.0,8.6,4.3,0.5,12.6,0,1.5,23.1
2005-12-17,93.0,0.9,-0.8,-3.5,4.0,8,0.4,12.3
2005-12-18,92.0,2.2,0.5,-0.9,0.0,8,5.1,9.4
2005-12-19,92.0,4.2,1.8,0.2,4.9,5,0.0,11.7
2005-12-20,89.0,5.1,4.4,3.9,0.0,0,0.0,11.8
2005-12-21,92.0,5.0,4.0,2.5,1.6,0,0.0,10.6
2005-12-22,93.0,7.0,5.8,4.9,1.6,0,0.3,9.1
2005-12-23,91.0,7.4,6.6,5.2,0.2,0,0.0,10.5
2005-12-24,90.0,7.9,6.5,5.2,1.4,0,0.2,10.0
2005-12-26,90.0,3.2,-0.1,-2.8,1.7,0,0.6,7.5
2005-12-27,85.0,-0.8,-2.0,-3.0,0.0,3,0.0,12.7
2005-12-28,80.0,-1.6,-2.6,-3.8,1.1,1,1.1,10.9
2005-12-29,90.0,-1.1,-2.3,-3.8,0.1,3,0.0,12.3
2005-12-30,79.0,-0.3,-1.7,-3.6,4.2,2,4.2,13.6
2005-12-31,94.0,5.2,2.7,-3.2,6.8,6,0.0,14.2
2006-01-01,91.0,5.3,4.0,1.3,1.5,0,0.0,8.1
2006-01-02,97.0,3.1,1.3,-2.2,0.0,0,0.0,6.2
2006-01-03,96.0,1.7,-0.1,-2.9,0.6,0,0.2,4.5
2006-01-04,94.0,1.0,0.0,-0.8,0.0,0,0.0,10.3
2006-01-05,89.0,1.4,0.2,-1.2,0.1,0,0.0,10.0
2006-01-06,92.0,0.7,0.1,-0.8,0.3,0,0.0,9.1
2006-01-07,91.0,0.9,0.1,-0.8,0.0,0,0.0,8.5
2006-01-08,86.0,1.2,0.3,-2.2,0.0,0,0.0,7.7
2006-01-09,93.0,0.6,-3.2,-5.9,0.0,0,5.0,4.6
2006-01-10,80.0,4.3,0.5,-5.6,0.0,0,3.8,9.5
2006-01-11,77.0,4.5,3.4,2.2,2.8,0,0.5,11.8
2006-01-12,90.0,5.4,2.9,-0.3,0.0,0,3.4,6.6
2006-01-13,82.0,4.2,1.4,-2.0,0.0,0,5.2,7.6
2006-01-14,79.0,6.6,-0.4,-3.7,0.0,0,6.6,5.1
2006-01-15,78.0,1.4,-2.9,-5.6,0.0,0,6.7,7.6
2006-01-16,75.0,4.6,-1.2,-6.7,1.4,0,6.7,8.4
2006-01-17,88.0,4.1,2.3,1.0,5.4,0,0.0,10.6
2006-01-18,91.0,5.4,2.9,0.4,2.2,0,3.5,10.6
2006-01-19,91.0,5.3,2.4,-0.2,1.7,0,0.0,10.0
2006-01-20,93.0,8.3,6.3,3.8,9.1,0,0.0,14.9
2006-01-21,88.0,5.9,3.9,0.3,3.4,0,0.4,16.0
2006-01-22,79.0,0.4,-3.3,-6.4,0.0,0,1.2,8.4
2006-01-23,68.0,-2.9,-5.9,-8.1,0.0,0,7.2,7.4
2006-01-24,69.0,0.7,-4.4,-8.9,0.0,0,6.6,5.3
2006-01-25,84.0,1.0,-1.6,-4.2,5.7,0,0.0,11.7
2006-01-26,77.0,-1.2,-3.0,-7.1,0.0,5,2.3,13.8
2006-01-27,78.0,-4.8,-7.8,-10.5,0.0,4,6.8,6.7
2006-01-28,77.0,-3.5,-7.7,-11.4,0.0,4,7.3,8.2
2006-01-29,71.0,0.1,-5.5,-10.9,0.0,4,7.4,6.3
2006-01-30,85.0,2.7,0.8,-2.1,0.0,3,0.0,6.9
2006-01-31,89.0,2.1,0.0,-2.8,0.0,1,0.0,5.0
2006-02-01,96.0,-2.1,-4.1,-5.7,0.2,0,2.7,3.6
2006-02-02,95.0,-3.7,-5.5,-7.1,0.0,0,0.0,3.6
2006-02-03,97.0,-0.4,-1.9,-3.7,0.4,0,0.0,5.4
2006-02-04,96.0,1.6,0.0,-1.1,1.3,0,0.0,10.5
2006-02-05,93.0,0.1,-1.7,-3.5,1.6,0,0.0,3.9
2006-02-06,98.0,2.7,-0.5,-4.1,3.7,2,0.0,10.7
2006-02-07,97.0,5.6,4.5,2.6,8.3,0,0.0,11.8
2006-02-08,87.0,5.6,3.9,2.3,5.1,0,0.2,14.5
2006-02-09,88.0,2.9,1.3,0.4,3.5,1,1.6,14.7
2006-02-10,88.0,2.2,1.3,-0.2,0.0,0,0.4,11.2
2006-02-11,88.0,3.1,0.6,-0.6,0.0,0,0.0,4.3
2006-02-12,76.0,5.6,1.8,-1.0,0.0,0,3.6,8.9
2006-02-13,73.0,4.3,0.5,-1.9,0.0,0,7.4,8.2
2006-02-14,82.0,5.5,2.3,-0.9,0.3,0,1.4,8.9
2006-02-15,91.0,7.0,5.0,3.3,5.5,0,0.0,17.3
2006-02-16,90.0,9.3,5.9,4.0,3.8,0,1.0,8.5
2006-02-17,90.0,5.9,4.7,3.6,7.7,0,0.3,11.1
2006-02-18,87.0,6.6,4.6,3.0,1.0,0,2.3,10.7
2006-02-19,91.0,7.1,3.6,1.7,0.0,0,2.7,8.1
2006-02-20,89.0,3.4,2.4,0.8,6.4,0,0.0,11.3
2006-02-21,93.0,2.5,1.5,0.5,2.1,0,0.0,13.5
2006-02-22,77.0,1.5,0.4,-0.6,0.0,0,0.0,12.8
2006-02-23,69.0,2.1,-0.7,-3.2,0.0,0,6.2,6.7
2006-02-24,69.0,2.0,-0.3,-2.4,0.0,0,8.7,13.7
2006-02-25,76.0,0.3,-1.9,-2.7,0.0,0,2.6,12.7
2006-02-26,69.0,3.1,-0.4,-2.8,0.0,0,2.1,10.4
2006-02-27,75.0,4.1,0.3,-2.4,0.9,0,4.9,8.0
2006-02-28,96.0,1.0,0.5,-0.6,5.6,0,0.0,10.1
2006-03-01,89.0,1.0,-0.4,-1.5,8.0,1,0.1,14.1
2006-03-02,84.0,3.6,-0.4,-2.5,3.2,6,5.6,13.1
2006-03-03,88.0,1.4,-1.1,-4.8,0.0,8,0.4,7.8
2006-03-04,85.0,2.5,-1.7,-5.9,0.6,3,4.5,10.7
2006-03-05,89.0,2.7,-0.1,-2.6,3.8,4,3.3,13.9
2006-03-06,89.0,5.1,1.1,-0.6,2.5,5,2.4,12.3
2006-03-07,75.0,4.2,0.0,-3.0,0.0,3,5.8,7.8
2006-03-08,81.0,2.0,0.2,-3.5,8.9,0,0.0,10.3
2006-03-09,97.0,2.5,1.5,0.8,5.5,0,0.0,4.2
2006-03-10,86.0,8.2,4.3,1.1,3.5,0,1.3,12.0
2006-03-11,87.0,2.6,-1.8,-5.7,1.3,0,0.2,12.6
2006-03-12,69.0,-0.1,-3.9,-8.4,0.0,2,9.2,7.6
2006-03-13,72.0,1.0,-3.5,-8.4,0.0,0,9.8,8.1
2006-03-14,68.0,2.2,-2.2,-6.1,0.0,0,9.3,8.3
2006-03-15,76.0,1.9,-1.1,-4.6,0.0,0,9.8,10.6
2006-03-16,84.0,1.6,0.4,-0.6,0.0,0,0.0,9.2
2006-03-17,85.0,0.8,-0.2,-2.1,0.0,0,0.0,9.2
2006-03-18,89.0,0.5,-0.7,-2.0,0.0,0,0.0,7.2
2006-03-19,88.0,4.8,0.9,-3.2,0.0,0,0.0,6.1
2006-03-20,74.0,8.9,3.9,-0.2,0.0,0,4.9,8.2
2006-03-21,62.0,5.9,1.5,-2.7,0.0,0,8.9,8.7
2006-03-22,70.0,6.4,0.4,-3.6,0.0,0,5.4,7.2
2006-03-23,62.0,7.2,1.4,-5.0,0.0,0,11.8,8.1
2006-03-24,65.0,12.2,5.1,-0.5,8.6,0,6.0,10.1
2006-03-25,86.0,14.6,9.6,6.4,10.2,0,0.9,9.7
2006-03-26,82.0,18.0,13.4,9.0,1.8,0,4.2,15.4
2006-03-27,80.0,18.6,13.8,9.4,6.6,0,4.1,18.2
2006-03-28,65.0,14.2,10.8,7.4,0.0,0,4.7,16.0
2006-03-29,73.0,10.3,7.5,5.6,1.9,0,0.6,12.0
2006-03-30,83.0,14.3,10.4,6.4,7.8,0,0.6,13.7
2006-03-31,81.0,14.7,11.2,9.5,2.2,0,1.3,15.7
2006-04-01,82.0,12.9,10.0,6.4,5.3,0,2.8,11.4
2006-04-02,73.0,13.0,9.2,5.9,4.0,0,3.7,17.1
2006-04-03,77.0,9.3,6.8,4.0,1.8,0,0.9,15.1
2006-04-04,77.0,8.5,4.5,0.6,2.5,0,3.9,15.7
2006-04-05,72.0,7.9,3.1,-1.2,0.7,0,8.3,10.9
2006-04-06,62.0,10.2,6.2,1.2,0.3,0,7.4,13.0
2006-04-07,66.0,10.9,7.1,4.3,1.8,0,2.8,12.0
2006-04-08,78.0,12.5,6.6,3.7,2.9,0,2.6,16.4
2006-04-09,68.0,10.8,6.0,2.9,0.0,0,7.4,12.0
2006-04-10,69.0,10.7,5.1,0.5,0.0,0,3.2,11.9
2006-04-11,68.0,8.3,4.2,-1.3,3.7,0,4.4,11.6
2006-04-12,85.0,11.5,6.1,3.5,2.7,0,2.4,10.6
2006-04-13,89.0,11.2,7.6,5.4,8.5,0,0.1,10.6
2006-04-14,69.0,13.1,8.5,3.7,0.2,0,5.0,14.2
2006-04-15,69.0,13.1,8.5,0.0,3.3,0,6.5,8.5
2006-04-16,86.0,14.5,11.1,9.4,2.6,0,1.4,12.1
2006-04-17,72.0,15.3,10.2,7.7,0.1,0,2.5,12.7
2006-04-18,77.0,13.8,8.9,4.4,0.5,0,2.6,11.5
2006-04-19,68.0,16.1,10.1,2.1,0.0,0,8.7,9.2
2006-04-20,63.0,16.9,12.4,8.8,0.0,0,6.2,9.9
2006-04-21,57.0,19.9,14.1,8.5,6.8,0,5.9,7.9
2006-04-22,97.0,10.5,8.6,6.8,6.9,0,0.0,8.5
2006-04-23,90.0,11.7,8.9,6.9,0.0,0,0.0,6.4
2006-04-24,74.0,17.0,11.7,7.0,0.0,0,8.8,6.8
2006-04-25,62.0,24.1,16.0,7.0,0.9,0,9.3,8.0
2006-04-26,80.0,18.3,14.3,10.7,0.0,0,3.0,6.1
2006-04-27,68.0,16.3,12.2,6.7,0.0,0,4.6,9.7
2006-04-28,70.0,15.0,8.1,2.8,1.8,0,6.8,11.8
2006-04-29,80.0,10.1,5.8,2.1,2.9,0,3.7,11.6
2006-04-30,74.0,10.7,5.8,1.0,0.0,0,7.2,8.0
2006-05-01,74.0,13.4,8.4,2.5,1.1,0,8.0,10.6
2006-05-02,69.0,19.0,13.1,8.5,0.0,0,8.7,7.7
2006-05-03,53.0,25.7,17.9,8.6,0.0,0,11.7,9.1
2006-05-04,51.0,24.3,18.8,12.9,0.0,0,12.2,12.5
2006-05-05,47.0,23.3,17.8,13.0,0.0,0,14.1,12.7
2006-05-06,38.0,23.5,17.6,10.6,0.0,0,13.3,12.6
2006-05-07,40.0,23.1,17.2,9.2,0.0,0,13.3,17.8
2006-05-08,44.0,23.6,17.0,9.3,0.0,0,13.2,14.5
2006-05-09,52.0,23.5,17.2,9.9,0.0,0,13.3,12.7
2006-05-10,46.0,22.8,16.9,8.6,0.0,0,14.3,9.8
2006-05-11,48.0,24.6,17.6,8.2,0.0,0,13.2,6.4
2006-05-12,50.0,26.3,17.9,8.5,0.0,0,11.6,9.7
2006-05-13,72.0,23.3,15.4,11.4,7.7,0,5.1,9.9
2006-05-14,64.0,17.0,11.9,6.9,0.0,0,8.7,9.0
2006-05-15,65.0,19.6,13.5,5.4,0.0,0,8.8,7.3
2006-05-16,65.0,20.5,16.6,11.7,0.0,0,6.7,12.0
2006-05-17,67.0,21.2,15.6,10.9,3.1,0,7.6,7.0
2006-05-18,73.0,20.5,16.1,11.4,5.4,0,6.0,12.8
2006-05-19,88.0,13.6,11.6,10.4,10.5,0,0.7,16.1
2006-05-20,86.0,14.4,11.0,6.3,17.7,0,1.9,18.4
2006-05-21,83.0,17.0,12.5,10.1,5.2,0,0.8,15.2
2006-05-22,79.0,20.7,14.6,11.8,9.4,0,5.8,15.2
2006-05-23,85.0,13.1,10.1,6.5,4.6,0,2.6,14.6
2006-05-24,79.0,15.4,10.0,6.6,6.4,0,7.2,16.5
2006-05-25,90.0,13.8,9.7,6.7,2.6,0,0.9,10.4
2006-05-26,86.0,14.8,10.9,5.5,6.8,0,5.1,10.6
2006-05-27,92.0,15.9,13.5,11.3,6.9,0,0.0,11.4
2006-05-28,75.0,14.2,12.3,9.6,0.1,0,2.7,14.8
2006-05-29,83.0,14.4,10.1,7.0,3.4,0,3.1,13.5
2006-05-30,78.0,13.2,8.3,5.0,3.9,0,5.2,17.7
2006-05-31,79.0,15.3,9.6,5.1,0.8,0,2.1,13.7
2006-06-01,79.0,11.9,9.2,7.1,1.2,0,2.3,14.8
2006-06-02,73.0,18.3,12.5,8.4,0.1,0,4.9,7.1
2006-06-03,70.0,18.7,13.3,7.7,0.0,0,2.3,9.3
2006-06-04,67.0,15.6,10.7,6.1,0.0,0,5.3,11.8
2006-06-05,71.0,13.7,10.3,7.2,0.0,0,2.0,8.7
2006-06-06,72.0,19.8,12.4,7.1,0.5,0,6.7,11.0
2006-06-07,62.0,21.0,14.2,5.4,0.0,0,11.1,9.3
2006-06-08,66.0,23.5,16.3,8.5,0.0,0,14.3,5.1
2006-06-09,58.0,25.5,18.3,9.1,0.0,0,14.8,5.7
2006-06-10,58.0,26.4,20.3,11.5,0.0,0,15.8,8.1
2006-06-11,50.0,27.6,21.6,14.5,0.0,0,15.9,9.1
2006-06-12,48.0,28.8,22.8,13.3,0.0,0,16.0,11.3
2006-06-13,50.0,31.6,24.3,14.8,0.0,0,15.4,6.6
2006-06-14,75.0,24.3,19.2,14.9,4.6,0,10.0,9.0
2006-06-15,87.0,22.5,17.1,13.7,0.6,0,2.3,7.7
2006-06-16,84.0,17.0,13.3,9.8,1.9,0,0.2,7.3
2006-06-17,73.0,22.4,15.4,8.5,0.0,0,6.9,8.6
2006-06-18,65.0,27.1,19.7,9.7,0.0,0,14.4,6.5
2006-06-19,72.0,28.2,22.6,18.1,0.0,0,7.0,11.2
2006-06-20,65.0,26.4,21.0,14.9,1.5,0,11.0,11.0
2006-06-21,75.0,20.1,17.6,15.7,0.7,0,2.0,12.5
2006-06-22,70.0,18.4,14.7,11.3,0.0,0,4.5,11.3
2006-06-23,67.0,20.2,15.7,11.1,0.0,0,2.7,7.6
2006-06-24,64.0,24.8,18.3,9.4,0.0,0,14.4,5.6
2006-06-25,72.0,29.3,21.7,16.2,17.6,0,5.8,11.1
2006-06-26,80.0,23.3,18.9,14.8,0.0,0,4.4,13.2
2006-06-27,76.0,,15.4,,0.0,0,,
2006-06-28,69.0,21.7,15.5,11.5,0.0,0,6.1,6.1
2006-06-29,68.0,22.9,16.8,9.1,0.0,0,12.7,8.5
2006-06-30,62.0,25.9,19.1,11.8,0.0,0,12.9,6.4
2006-07-01,62.0,27.2,20.5,11.4,0.0,0,15.8,8.5
2006-07-02,54.0,28.3,22.2,13.2,0.0,0,15.6,11.8
2006-07-03,46.0,28.5,22.5,13.8,0.0,0,15.8,10.8
2006-07-04,50.0,31.2,24.3,13.8,0.0,0,15.6,7.3
2006-07-05,60.0,34.2,24.9,16.6,1.6,0,10.8,15.6
2006-07-06,85.0,27.1,20.7,16.0,21.5,0,4.8,8.5
2006-07-07,89.0,25.7,20.2,17.1,0.5,0,1.4,9.3
2006-07-08,74.0,25.8,20.0,14.7,0.0,0,6.3,8.2
2006-07-09,68.0,28.7,21.2,14.3,3.1,0,5.2,11.3
2006-07-10,68.0,25.7,19.9,15.2,0.0,0,5.4,8.2
2006-07-11,74.0,28.8,21.1,14.6,8.1,0,6.9,11.5
2006-07-12,70.0,26.6,19.7,13.1,0.0,0,11.5,7.1
2006-07-13,58.0,30.4,22.6,15.0,0.0,0,14.1,10.5
2006-07-14,60.0,23.6,17.8,11.3,0.0,0,14.0,11.7
2006-07-15,55.0,26.5,19.2,9.8,0.0,0,15.3,9.1
2006-07-16,47.0,27.3,20.5,12.9,0.0,0,15.4,11.6
2006-07-17,49.0,30.9,22.7,12.6,0.0,0,15.5,6.3
2006-07-18,49.0,33.3,25.0,14.1,0.0,0,15.2,7.7
2006-07-19,43.0,36.1,26.6,15.9,0.0,0,15.1,7.5
2006-07-20,47.0,36.3,27.4,18.8,0.3,0,11.0,10.2
2006-07-21,55.0,33.5,26.2,19.0,0.0,0,13.1,8.0
2006-07-22,71.0,33.3,23.3,17.5,1.3,0,8.2,16.3
2006-07-23,87.0,30.3,22.1,17.8,4.9,0,5.6,9.5
2006-07-24,70.0,29.5,23.3,17.4,0.0,0,7.4,6.9
2006-07-25,56.0,32.2,24.6,16.3,0.0,0,13.2,7.3
2006-07-26,54.0,35.0,26.2,18.1,1.0,0,10.5,10.3
2006-07-27,62.0,33.8,25.4,18.1,1.2,0,11.0,10.7
2006-07-28,82.0,28.7,21.7,17.2,7.3,0,5.2,9.1
2006-07-29,72.0,28.5,22.2,16.6,5.7,0,11.1,8.5
2006-07-30,72.0,29.9,22.1,15.8,21.3,0,3.6,21.5
2006-07-31,75.0,23.3,18.8,15.2,0.0,0,7.3,9.3
2006-08-01,82.0,23.1,17.5,14.1,12.0,0,2.8,11.4
2006-08-02,90.0,16.8,14.6,12.9,16.9,0,1.5,12.0
2006-08-03,80.0,22.7,16.1,12.5,0.0,0,3.7,7.1
2006-08-04,81.0,23.7,17.5,12.7,0.0,0,5.9,7.7
2006-08-05,75.0,26.0,19.4,12.7,0.0,0,8.6,12.0
2006-08-06,72.0,26.5,20.1,15.3,0.0,0,7.5,12.3
2006-08-07,79.0,26.4,19.7,14.9,2.4,0,6.3,15.4
2006-08-08,77.0,20.8,16.6,12.6,0.4,0,2.0,10.9
2006-08-09,82.0,22.2,16.1,13.6,0.1,0,3.5,9.2
2006-08-10,87.0,17.7,13.9,11.1,6.2,0,2.6,8.3
2006-08-11,94.0,16.6,12.8,11.5,6.7,0,0.9,8.4
2006-08-12,92.0,18.3,13.3,8.9,0.6,0,1.9,5.1
2006-08-13,78.0,21.4,14.5,7.8,0.0,0,9.2,7.0
2006-08-14,93.0,17.7,13.9,11.1,28.2,0,0.0,13.6
2006-08-15,90.0,18.6,15.8,14.2,0.0,0,1.0,13.2
2006-08-16,85.0,23.4,16.7,11.9,1.0,0,6.1,12.7
2006-08-17,86.0,24.0,17.5,11.5,0.0,0,4.1,5.5
2006-08-18,83.0,23.2,18.5,15.7,2.8,0,3.9,11.7
2006-08-19,69.0,25.8,20.0,15.3,0.0,0,8.8,9.6
2006-08-20,89.0,21.6,16.9,14.8,10.8,0,4.4,13.1
2006-08-21,92.0,19.8,15.8,12.3,17.2,0,2.3,11.0
2006-08-22,92.0,20.0,15.5,12.5,9.3,0,2.6,10.4
2006-08-23,80.0,21.7,16.6,12.1,0.0,0,7.9,6.7
2006-08-24,87.0,24.0,16.3,12.1,3.5,0,2.8,14.4
2006-08-25,93.0,19.5,14.8,11.0,21.7,0,1.8,6.7
2006-08-26,89.0,20.0,15.9,13.7,11.3,0,0.6,8.4
2006-08-27,91.0,20.6,14.8,12.3,4.5,0,1.8,14.0
2006-08-28,95.0,15.7,12.9,11.1,10.0,0,1.6,10.8
2006-08-29,90.0,18.3,12.4,10.1,1.2,0,5.6,12.3
2006-08-30,87.0,18.0,13.1,9.1,1.2,0,6.8,12.3
2006-08-31,85.0,19.7,14.4,9.2,0.2,0,5.7,11.3
2006-09-01,80.0,21.5,18.0,15.4,0.0,0,2.3,9.9
2006-09-02,77.0,22.6,18.7,15.7,0.3,0,3.4,10.1
2006-09-03,90.0,20.5,18.6,16.1,2.9,0,1.0,16.4
2006-09-04,76.0,21.3,17.6,13.3,0.0,0,5.1,14.1
2006-09-05,92.0,20.2,16.3,11.5,0.2,0,3.2,7.4
2006-09-06,82.0,25.4,20.4,17.0,0.0,0,7.2,7.8
2006-09-07,90.0,21.3,16.0,11.9,7.2,0,2.7,12.3
2006-09-08,76.0,19.8,13.9,8.6,0.0,0,9.4,10.4
2006-09-09,83.0,19.5,13.5,7.9,0.0,0,10.2,8.1
2006-09-10,75.0,23.9,16.2,8.9,0.0,0,12.3,8.4
2006-09-11,72.0,26.6,19.2,11.6,0.0,0,11.8,6.7
2006-09-12,78.0,28.6,20.8,13.8,0.0,0,11.4,5.7
2006-09-13,74.0,28.9,21.2,14.2,0.0,0,11.0,6.7
2006-09-14,65.0,27.4,21.1,14.9,0.0,0,11.5,7.7
2006-09-15,69.0,24.5,19.0,11.9,0.0,0,10.9,13.8
2006-09-16,69.0,24.7,20.0,15.5,0.0,0,8.9,7.5
2006-09-17,81.0,26.1,19.7,13.3,0.0,0,8.4,8.8
2006-09-18,93.0,17.7,16.4,15.2,0.0,0,0.0,5.7
2006-09-19,88.0,20.0,15.3,11.3,0.0,0,3.2,10.9
2006-09-20,77.0,20.0,14.4,10.5,0.0,0,10.5,8.2
2006-09-21,69.0,25.0,18.1,10.1,0.0,0,10.9,10.5
2006-09-22,61.0,28.0,20.6,14.4,0.0,0,10.7,8.2
2006-09-23,70.0,26.1,19.4,14.0,0.0,0,6.8,6.8
2006-09-24,66.0,27.0,19.4,14.2,0.0,0,9.8,4.6
2006-09-25,82.0,23.5,17.4,11.0,0.0,0,3.9,6.4
2006-09-26,88.0,20.4,16.7,15.3,0.6,0,0.1,8.0
2006-09-27,87.0,19.7,15.3,12.1,0.0,0,4.2,6.9
2006-09-28,83.0,21.2,15.5,11.5,0.0,0,4.0,7.9
2006-09-29,80.0,23.3,16.8,10.6,0.0,0,2.9,8.0
2006-09-30,86.0,21.6,16.3,11.0,5.3,0,5.0,9.3
2006-10-01,84.0,21.9,15.4,10.2,5.1,0,3.1,10.5
2006-10-02,82.0,17.9,15.1,11.5,8.6,0,2.0,14.4
2006-10-03,89.0,15.8,13.5,11.3,0.1,0,0.1,9.2
2006-10-04,90.0,16.9,12.7,10.0,1.1,0,1.6,8.7
2006-10-05,85.0,16.5,12.3,9.0,5.5,0,2.2,14.2
2006-10-06,94.0,15.5,14.2,12.2,3.8,0,0.0,14.0
2006-10-07,83.0,15.2,12.9,10.0,0.8,0,4.5,15.4
2006-10-08,87.0,16.1,11.5,8.3,0.0,0,4.7,9.6
2006-10-09,85.0,18.7,12.7,6.6,0.0,0,7.2,5.9
2006-10-10,90.0,18.2,15.5,13.4,0.0,0,0.0,6.1
2006-10-11,86.0,19.7,14.3,10.6,0.0,0,8.0,7.7
2006-10-12,91.0,20.8,15.0,9.1,0.3,0,4.3,5.3
2006-10-13,96.0,16.2,14.7,12.5,0.3,0,0.0,6.3
2006-10-14,87.0,14.7,12.8,11.4,0.0,0,1.4,9.0
2006-10-15,86.0,13.2,10.2,6.8,0.0,0,3.6,9.1
2006-10-16,84.0,15.9,10.0,5.3,0.0,0,8.5,6.8
2006-10-17,77.0,17.4,10.5,5.2,0.0,0,8.4,6.1
2006-10-18,84.0,17.9,12.3,7.5,0.0,0,2.6,5.3
2006-10-19,84.0,19.1,13.5,8.4,0.3,0,1.8,8.3
2006-10-20,84.0,18.5,15.0,12.9,4.6,0,3.7,9.5
2006-10-21,86.0,17.6,14.7,13.4,3.2,0,1.5,9.7
2006-10-22,81.0,16.9,14.8,12.4,3.0,0,3.4,10.9
2006-10-23,91.0,18.2,16.0,14.4,5.2,0,0.3,12.6
2006-10-24,91.0,15.5,13.3,10.5,8.5,0,0.4,16.8
2006-10-25,87.0,15.2,12.0,9.1,0.0,0,6.4,10.6
2006-10-26,71.0,21.7,17.6,13.2,0.0,0,5.8,15.2
2006-10-27,74.0,17.8,13.2,8.8,0.6,0,5.7,16.1
2006-10-28,95.0,14.6,11.3,7.8,4.6,0,0.0,12.6
2006-10-29,87.0,15.0,13.5,9.9,0.0,0,2.3,14.0
2006-10-30,88.0,12.9,11.2,8.7,0.0,0,0.0,11.7
2006-10-31,86.0,12.8,11.1,6.7,9.7,0,0.0,17.9
2006-11-01,84.0,7.4,5.0,-0.6,8.0,0,1.7,20.4
2006-11-02,95.0,6.6,3.0,-1.3,1.8,0,0.4,7.7
2006-11-03,97.0,5.7,3.8,1.2,0.9,0,0.1,5.8
2006-11-04,92.0,10.0,7.8,5.1,0.6,0,0.7,10.3
2006-11-05,88.0,11.8,10.4,8.6,0.0,0,0.0,12.6
2006-11-06,90.0,11.8,10.6,9.0,0.0,0,0.0,10.0
2006-11-07,89.0,9.9,7.7,3.8,0.0,0,1.4,8.5
2006-11-08,91.0,11.0,7.3,5.0,3.2,0,0.0,14.6
2006-11-09,88.0,11.3,8.3,4.5,1.4,0,3.6,15.0
2006-11-10,86.0,8.8,5.6,2.3,4.0,0,6.0,8.5
2006-11-11,88.0,9.7,7.1,4.5,5.5,0,0.1,21.5
2006-11-12,89.0,8.2,6.1,3.5,4.2,0,1.8,18.6
2006-11-13,93.0,12.0,8.8,5.4,2.1,0,0.0,14.0
2006-11-14,88.0,12.9,11.4,10.0,2.6,0,1.1,13.3
2006-11-15,87.0,14.5,12.5,10.4,0.2,0,1.1,11.5
2006-11-16,73.0,17.0,14.3,11.1,2.9,0,5.7,12.3
2006-11-17,89.0,14.7,11.8,9.3,0.3,0,0.9,10.5
2006-11-18,88.0,10.5,8.2,5.1,0.4,0,0.5,11.6
2006-11-19,97.0,6.3,4.7,2.9,6.8,0,0.0,8.9
2006-11-20,92.0,7.8,6.0,4.2,6.4,0,0.0,13.5
2006-11-21,91.0,9.9,7.5,3.6,1.4,0,2.2,11.3
2006-11-22,93.0,7.1,5.1,3.0,0.5,0,0.1,11.7
2006-11-23,94.0,12.3,8.5,5.8,11.0,0,0.0,14.8
2006-11-24,89.0,13.2,9.9,7.7,2.0,0,3.6,11.4
2006-11-25,73.0,17.1,14.7,12.3,0.3,0,0.0,15.5
2006-11-26,80.0,12.7,11.1,7.6,0.0,0,0.5,9.1
2006-11-27,87.0,14.9,10.2,5.0,0.0,0,3.0,8.4
2006-11-28,84.0,13.9,10.7,6.5,0.2,0,5.4,8.4
2006-11-29,92.0,10.8,9.2,6.3,0.0,0,0.2,9.1
2006-11-30,94.0,8.7,5.4,2.5,0.0,0,6.4,6.2
2006-12-01,80.0,11.8,8.5,4.0,0.0,0,3.7,11.4
2006-12-02,73.0,11.3,9.9,8.5,0.0,0,1.0,12.3
2006-12-03,84.0,13.3,10.3,7.8,1.8,0,3.1,15.5
2006-12-04,85.0,10.1,8.7,7.8,5.8,0,0.0,14.4
2006-12-05,82.0,15.2,13.0,9.8,4.3,0,0.6,17.7
2006-12-06,82.0,10.8,9.7,7.0,0.1,0,0.1,14.4
2006-12-07,83.0,9.9,7.8,6.2,6.4,0,0.4,17.1
2006-12-08,81.0,12.6,9.7,7.6,7.0,0,0.0,20.4
2006-12-09,89.0,8.1,6.3,2.8,0.0,0,1.8,13.9
2006-12-10,95.0,4.8,3.4,1.0,0.0,0,3.4,11.0
2006-12-11,91.0,7.4,5.7,3.3,8.9,0,0.0,15.8
2006-12-12,91.0,8.2,6.7,5.1,2.5,0,4.8,13.1
2006-12-13,91.0,10.3,8.9,6.4,0.1,0,0.0,20.0
2006-12-14,81.0,10.3,9.6,8.4,0.0,0,0.0,17.2
2006-12-15,72.0,8.7,7.4,6.1,0.0,0,3.5,11.9
2006-12-16,83.0,8.4,6.5,3.6,4.0,0,0.0,13.5
2006-12-17,96.0,5.7,4.1,1.9,3.5,0,0.1,12.7
2006-12-18,100.0,2.7,1.6,0.2,0.1,0,0.0,4.5
2006-12-19,100.0,2.5,0.9,-0.4,0.0,0,0.0,3.5
2006-12-20,98.0,4.9,2.6,-0.5,1.3,0,0.0,6.4
2006-12-21,100.0,6.8,6.0,4.9,0.5,0,0.0,3.3
2006-12-22,89.0,6.5,5.5,4.4,0.0,0,0.0,4.3
2006-12-23,94.0,4.4,3.0,1.9,0.0,0,0.0,7.1
2006-12-24,100.0,4.6,2.4,0.9,0.7,0,0.0,5.4
2006-12-26,96.0,2.9,1.6,0.7,0.0,0,0.0,5.3
2006-12-27,96.0,0.7,0.2,-0.9,1.6,0,0.0,11.0
2006-12-28,99.0,4.9,2.4,-0.9,1.6,0,0.0,11.4
2006-12-29,88.0,7.7,4.8,3.1,0.0,0,2.8,11.0
2006-12-30,75.0,10.5,8.1,6.3,12.3,0,0.0,24.5
2006-12-31,86.0,10.8,8.7,5.5,6.5,0,0.0,26.3
2007-01-01,83.0,12.1,7.6,4.3,3.3,0,0.5,27.6
2007-01-02,93.0,5.6,4.7,3.2,5.6,0,0.3,12.6
2007-01-03,95.0,7.8,5.2,3.1,5.1,0,0.1,13.5
2007-01-04,92.0,8.9,7.7,6.6,4.8,0,0.0,15.5
2007-01-05,94.0,9.1,7.4,6.0,3.5,0,0.0,11.3
2007-01-06,95.0,9.8,8.0,5.5,17.6,0,0.0,9.6
2007-01-07,91.0,9.7,7.0,4.9,0.7,0,0.4,12.0
2007-01-08,88.0,9.2,7.8,6.5,5.9,0,1.0,13.6
2007-01-09,78.0,13.7,12.4,9.2,0.0,0,0.0,18.9
2007-01-10,78.0,13.6,11.0,6.1,8.0,0,0.0,16.5
2007-01-11,85.0,9.3,6.4,4.2,16.7,0,0.0,22.8
2007-01-12,80.0,12.1,8.8,6.9,0.2,0,2.2,20.0
2007-01-13,85.0,11.9,10.9,9.4,2.2,0,0.0,19.7
2007-01-14,80.0,11.0,6.8,3.7,0.0,0,3.1,20.6
2007-01-15,83.0,8.5,4.9,2.8,0.0,0,4.2,10.4
2007-01-16,90.0,8.8,6.2,2.9,0.8,0,0.0,10.4
2007-01-17,85.0,11.7,9.1,7.4,11.5,0,0.4,19.5
2007-01-18,90.0,12.6,8.8,5.8,28.7,0,0.0,35.2
2007-01-19,78.0,9.7,8.3,6.1,2.1,0,0.7,18.9
2007-01-20,87.0,12.5,9.6,6.2,4.7,0,0.0,21.5
2007-01-21,84.0,7.5,5.5,3.7,9.3,0,1.3,21.7
2007-01-22,83.0,4.2,1.6,-4.2,1.0,0,1.7,11.9
2007-01-23,82.0,-1.2,-4.5,-7.8,0.0,0,5.5,3.7
2007-01-24,93.0,0.3,-3.8,-7.2,0.0,0,5.6,6.9
2007-01-25,80.0,-0.7,-2.5,-5.2,0.0,0,3.2,8.5
2007-01-26,89.0,2.1,-1.1,-3.6,5.6,0,0.0,13.3
2007-01-27,92.0,2.9,1.8,0.0,0.4,2,0.8,10.5
2007-01-28,94.0,7.0,4.7,1.7,4.9,0,0.0,16.1
2007-01-29,85.0,8.7,6.2,3.6,0.3,0,2.5,13.5
2007-01-30,90.0,8.8,6.8,5.0,0.0,0,0.0,8.5
2007-01-31,85.0,7.4,6.1,4.8,1.9,0,1.0,14.3
2007-02-01,97.0,8.3,6.6,4.3,0.2,0,0.0,7.8
2007-02-02,97.0,8.4,7.0,4.6,0.0,0,0.0,11.3
2007-02-03,91.0,7.9,6.0,3.5,0.2,0,0.0,9.6
2007-02-04,93.0,7.4,4.9,0.0,0.0,0,1.3,6.2
2007-02-05,100.0,3.9,1.4,-1.4,1.3,0,1.0,7.5
2007-02-06,96.0,3.3,0.7,-1.2,0.0,0,3.7,7.1
2007-02-07,93.0,3.9,-1.0,-5.4,0.0,0,5.0,4.4
2007-02-08,99.0,3.2,-2.1,-6.7,13.3,0,0.4,10.2
2007-02-09,97.0,3.5,1.6,0.3,0.0,3,0.0,9.6
2007-02-10,99.0,0.6,0.0,-0.7,3.2,0,0.0,11.9
2007-02-11,96.0,7.6,5.1,0.5,7.1,0,0.0,10.2
2007-02-12,94.0,9.0,6.9,5.7,19.2,0,0.7,11.0
2007-02-13,96.0,7.7,6.5,5.6,2.4,0,0.0,14.8
2007-02-14,92.0,6.5,5.2,4.2,6.9,0,0.0,10.6
2007-02-15,88.0,9.9,5.3,0.5,0.0,0,2.9,9.1
2007-02-16,81.0,10.2,4.6,-0.1,0.0,0,6.5,11.8
2007-02-17,66.0,11.6,6.9,3.0,0.0,0,5.4,9.1
2007-02-18,81.0,8.2,5.3,1.9,0.0,0,4.6,7.1
2007-02-19,81.0,7.3,4.2,2.0,0.0,0,0.4,5.0
2007-02-20,86.0,8.2,5.6,3.0,0.0,0,0.0,5.7
2007-02-21,83.0,12.8,7.8,4.0,3.9,0,0.5,10.9
2007-02-22,84.0,11.1,7.5,4.0,0.0,0,2.5,8.1
2007-02-23,79.0,12.8,9.1,5.1,2.1,0,0.2,9.9
2007-02-24,86.0,11.6,9.1,6.9,4.8,0,1.2,17.2
2007-02-25,92.0,9.4,7.2,5.7,9.8,0,1.1,13.6
2007-02-26,96.0,6.9,6.1,4.1,6.5,0,0.0,13.2
2007-02-27,90.0,9.7,5.1,2.8,5.7,0,0.1,14.2
2007-02-28,86.0,11.1,8.8,6.3,12.7,0,1.2,16.4
2007-03-01,86.0,9.3,7.4,4.6,10.6,0,2.1,16.5
2007-03-02,84.0,10.2,5.5,2.4,8.1,0,3.7,16.9
2007-03-03,95.0,7.7,4.0,2.0,2.8,0,0.0,10.8
2007-03-04,85.0,10.8,7.3,3.4,0.4,0,2.1,12.2
2007-03-05,73.0,12.4,8.7,5.9,3.8,0,3.2,20.9
2007-03-06,73.0,12.8,9.1,6.4,3.9,0,0.3,15.5
2007-03-07,88.0,11.7,8.0,5.5,3.2,0,0.1,12.5
2007-03-08,84.0,11.2,7.4,5.8,0.0,0,1.0,8.7
2007-03-09,89.0,9.5,6.4,3.2,6.9,0,0.1,12.3
2007-03-10,82.0,11.0,6.3,2.3,0.0,0,6.8,9.5
2007-03-11,77.0,14.9,9.0,4.7,0.0,0,9.9,9.5
2007-03-12,66.0,17.5,9.4,2.8,0.0,0,10.7,7.4
2007-03-13,74.0,16.5,8.7,1.1,0.0,0,8.5,10.2
2007-03-14,77.0,12.0,7.3,1.0,0.0,0,4.7,6.8
2007-03-15,78.0,13.1,7.1,0.4,0.0,0,8.4,5.9
2007-03-16,86.0,10.1,7.1,2.6,1.1,0,0.0,11.7
2007-03-17,93.0,10.0,8.4,6.7,3.8,0,0.0,15.1
2007-03-18,87.0,9.9,5.8,1.0,4.2,0,1.6,21.9
2007-03-19,90.0,6.3,1.9,-0.5,6.4,0,2.4,11.6
2007-03-20,83.0,8.6,3.4,-1.1,1.6,0,5.1,11.5
2007-03-21,88.0,7.0,2.5,-0.6,9.2,0,1.7,15.4
2007-03-22,90.0,6.4,3.7,1.0,3.8,0,0.0,15.3
2007-03-23,77.0,10.3,5.6,2.5,0.8,0,3.0,15.9
2007-03-24,79.0,12.5,8.3,4.5,0.0,0,1.2,11.6
2007-03-25,62.0,14.4,9.7,4.9,0.0,0,10.0,14.8
2007-03-26,59.0,15.9,10.0,4.2,0.0,0,11.4,13.8
2007-03-27,56.0,15.7,10.0,3.4,0.0,0,10.8,11.2
2007-03-28,51.0,17.4,11.2,4.1,0.0,0,11.4,8.3
2007-03-29,67.0,15.4,10.4,5.9,0.3,0,6.9,11.3
2007-03-30,76.0,15.9,9.4,3.2,0.0,0,5.6,8.8
2007-03-31,62.0,15.8,10.2,4.7,0.0,0,10.3,13.8
2007-04-01,50.0,16.7,10.7,4.3,0.0,0,11.8,16.7
2007-04-02,56.0,17.8,10.9,4.1,0.0,0,11.5,8.4
2007-04-03,78.0,9.2,6.1,3.7,0.4,0,0.1,13.5
2007-04-04,63.0,11.0,5.5,-0.1,0.0,0,12.3,9.5
2007-04-05,75.0,16.1,8.3,1.9,0.0,0,5.8,12.7
2007-04-06,74.0,14.6,9.2,3.7,0.0,0,5.9,7.2
2007-04-07,79.0,13.7,7.6,3.1,0.1,0,3.3,7.6
2007-04-08,73.0,15.4,9.6,3.7,0.0,0,7.1,9.6
2007-04-09,67.0,14.9,10.6,6.4,0.0,0,2.5,11.2
2007-04-10,76.0,14.4,11.5,8.5,0.0,0,0.3,10.9
2007-04-11,72.0,15.8,12.2,7.8,0.0,0,0.0,6.1
2007-04-12,72.0,19.9,13.0,6.0,0.0,0,11.9,8.9
2007-04-13,67.0,22.7,15.6,8.2,0.0,0,9.8,10.2
2007-04-14,52.0,26.1,17.3,8.0,0.0,0,12.9,10.0
2007-04-15,46.0,26.4,18.2,9.3,0.0,0,13.2,7.9
2007-04-16,49.0,27.6,18.8,9.5,0.0,0,12.8,6.3
2007-04-17,69.0,15.0,10.9,5.6,0.0,0,6.1,9.1
2007-04-18,67.0,13.1,8.5,2.9,0.0,0,5.4,10.7
2007-04-19,63.0,17.6,10.5,2.1,0.0,0,10.9,14.3
2007-04-20,62.0,9.9,6.3,0.6,0.0,0,0.3,8.8
2007-04-21,64.0,13.2,6.7,-1.5,0.0,0,11.9,7.0
2007-04-22,52.0,21.8,12.5,2.0,0.0,0,12.4,6.3
2007-04-23,58.0,23.8,15.8,5.6,1.4,0,8.0,9.7
2007-04-24,73.0,23.0,16.9,12.7,0.0,0,3.7,6.3
2007-04-25,66.0,26.2,19.1,11.3,0.0,0,12.0,7.8
2007-04-26,53.0,26.0,19.8,12.5,0.0,0,13.4,8.5
2007-04-27,54.0,25.5,18.4,9.3,0.0,0,13.3,10.0
2007-04-28,53.0,26.4,18.7,9.5,0.0,0,13.4,10.2
2007-04-29,51.0,18.3,12.7,7.8,0.0,0,10.2,13.3
2007-04-30,46.0,18.0,11.5,4.0,0.0,0,10.8,12.7
2007-05-01,50.0,18.5,12.4,4.9,0.0,0,11.6,10.4
2007-05-02,47.0,20.0,12.8,3.9,0.0,0,12.9,9.3
2007-05-03,60.0,21.1,13.7,5.1,0.0,0,11.9,9.1
2007-05-04,54.0,22.2,15.2,7.0,0.0,0,11.4,10.8
2007-05-05,54.0,22.9,15.4,6.1,0.0,0,12.0,9.3
2007-05-06,66.0,21.6,13.9,7.8,0.5,0,5.9,9.4
2007-05-07,96.0,13.5,11.8,10.4,31.8,0,0.0,8.9
2007-05-08,87.0,15.0,11.1,9.0,3.4,0,0.1,15.1
2007-05-09,79.0,16.9,12.3,8.4,6.2,0,5.7,11.0
2007-05-10,90.0,16.9,12.9,10.0,12.1,0,0.9,14.7
2007-05-11,95.0,13.6,11.1,7.8,18.7,0,0.7,18.7
2007-05-12,87.0,16.8,12.1,9.0,1.9,0,3.7,15.0
2007-05-13,80.0,19.9,15.8,11.0,1.4,0,2.5,12.7
2007-05-14,66.0,19.1,15.4,12.1,6.4,0,5.3,16.3
2007-05-15,73.0,16.4,11.4,8.4,0.0,0,5.3,8.8
2007-05-16,88.0,14.1,9.9,5.2,10.0,0,1.8,14.5
2007-05-17,72.0,14.9,9.1,4.2,0.0,0,6.8,7.8
2007-05-18,73.0,21.2,14.1,3.4,6.4,0,11.7,10.1
2007-05-19,75.0,19.9,15.3,9.2,0.0,0,8.5,10.6
2007-05-20,76.0,22.5,16.5,8.4,0.0,0,5.3,9.0
2007-05-21,80.0,24.2,19.6,14.7,0.0,0,10.1,7.8
2007-05-22,82.0,23.6,17.9,13.8,0.0,0,3.2,8.1
2007-05-23,58.0,21.6,16.5,11.1,0.0,0,12.4,6.4
2007-05-24,71.0,25.4,18.5,9.8,0.0,0,11.7,5.3
2007-05-25,84.0,24.2,18.5,14.3,4.0,0,7.0,22.5
2007-05-26,94.0,17.0,14.8,13.3,9.4,0,0.0,10.2
2007-05-27,90.0,20.2,15.4,10.6,3.1,0,1.4,9.5
2007-05-28,90.0,15.9,13.2,9.4,8.0,0,0.0,5.0
2007-05-29,91.0,12.8,11.1,7.2,13.4,0,0.0,14.3
2007-05-30,62.0,19.2,13.2,6.4,0.0,0,14.9,8.8
2007-05-31,70.0,17.5,14.5,11.3,0.2,0,0.8,6.8
2007-06-01,64.0,23.1,17.4,10.0,0.0,0,12.6,10.1
2007-06-02,72.0,22.6,17.6,11.6,0.0,0,7.1,9.9
2007-06-03,86.0,18.5,15.4,13.1,0.0,0,1.6,6.0
2007-06-04,83.0,20.5,16.7,12.4,0.0,0,0.8,7.9
2007-06-05,77.0,22.8,18.3,14.1,0.0,0,7.5,7.5
2007-06-06,79.0,24.4,18.4,12.8,0.0,0,7.4,7.8
2007-06-07,74.0,27.7,21.9,14.7,0.0,0,8.4,9.7
2007-06-08,66.0,30.0,24.2,17.4,0.0,0,14.2,9.9
2007-06-09,81.0,29.7,21.2,15.9,14.4,0,9.8,20.3
2007-06-10,77.0,27.9,21.4,14.7,0.0,0,10.8,7.4
2007-06-11,80.0,28.5,21.1,17.6,0.0,0,5.7,9.8
2007-06-12,80.0,23.9,19.0,16.2,6.8,0,2.6,8.3
2007-06-13,79.0,23.0,18.5,15.0,0.0,0,5.5,7.9
2007-06-14,84.0,26.6,18.9,14.0,11.7,0,3.9,9.5
2007-06-15,90.0,23.5,18.7,15.5,1.9,0,3.3,8.7
2007-06-16,83.0,21.7,16.4,12.1,3.1,0,4.7,11.3
2007-06-17,76.0,21.8,16.7,12.6,1.5,0,5.1,11.8
2007-06-18,92.0,21.8,16.3,14.0,9.4,0,2.0,12.0
2007-06-19,72.0,26.6,19.8,13.2,0.0,0,15.3,6.5
2007-06-20,71.0,26.7,21.0,15.4,0.4,0,8.1,11.9
2007-06-21,85.0,19.3,15.7,11.1,5.1,0,0.0,6.5
2007-06-22,87.0,21.2,15.3,10.5,1.8,0,4.5,10.5
2007-06-23,87.0,21.5,15.9,13.2,2.8,0,3.9,10.2
2007-06-24,77.0,21.5,17.5,13.9,0.1,0,3.6,9.5
2007-06-25,81.0,21.0,16.9,10.6,1.3,0,3.4,12.4
2007-06-26,83.0,15.1,12.7,10.2,5.8,0,1.5,20.5
2007-06-27,73.0,17.6,12.5,8.2,0.6,0,4.6,14.2
2007-06-28,73.0,19.0,14.0,10.0,1.1,0,4.8,12.9
2007-06-29,83.0,17.8,14.4,12.1,3.3,0,0.1,13.9
2007-06-30,80.0,20.0,16.0,13.2,0.9,0,1.9,12.0
2007-07-01,83.0,25.5,18.8,15.1,4.5,0,3.6,10.7
2007-07-02,86.0,23.5,17.1,13.8,2.9,0,3.9,11.6
2007-07-03,89.0,17.9,14.3,12.2,7.9,0,0.8,10.7
2007-07-04,86.0,18.9,14.4,11.8,4.4,0,4.1,10.2
2007-07-05,83.0,20.5,15.6,12.7,2.0,0,5.1,12.6
2007-07-06,85.0,16.3,14.2,12.4,6.6,0,0.3,18.9
2007-07-07,81.0,20.8,15.7,10.9,1.7,0,6.6,15.0
2007-07-08,69.0,22.3,16.7,10.6,2.2,0,11.5,8.1
2007-07-09,88.0,17.1,13.6,9.7,5.2,0,0.3,6.6
2007-07-10,85.0,20.7,13.5,9.2,7.8,0,4.8,13.7
2007-07-11,89.0,17.5,13.7,11.0,4.5,0,0.3,13.3
2007-07-12,87.0,19.6,15.4,12.7,2.3,0,1.2,13.8
2007-07-13,85.0,24.2,19.2,15.4,0.0,0,3.8,10.6
2007-07-14,68.0,29.0,23.4,17.4,0.0,0,12.8,11.2
2007-07-15,64.0,32.5,24.5,15.6,0.0,0,11.5,9.9
2007-07-16,53.0,32.4,26.7,19.4,0.1,0,13.2,10.8
2007-07-17,66.0,24.6,20.4,15.1,0.0,0,8.9,12.5
2007-07-18,65.0,25.1,19.7,13.5,0.0,0,11.1,9.6
2007-07-19,67.0,25.2,19.6,11.8,0.0,0,8.1,5.8
2007-07-20,79.0,26.5,19.9,16.1,3.7,0,5.7,11.4
2007-07-21,66.0,24.2,19.0,13.8,0.0,0,11.8,9.0
2007-07-22,77.0,22.7,17.4,12.1,0.2,0,7.9,12.7
2007-07-23,80.0,21.7,16.4,10.3,5.9,0,4.4,8.4
2007-07-24,89.0,18.9,14.9,13.0,10.9,0,2.9,18.1
2007-07-25,75.0,22.5,17.3,11.9,0.0,0,11.0,11.3
2007-07-26,70.0,24.9,19.8,14.7,9.9,0,4.1,16.1
2007-07-27,77.0,21.0,17.1,14.2,1.2,0,5.4,13.2
2007-07-28,78.0,20.9,16.5,13.1,5.5,0,3.7,13.5
2007-07-29,92.0,15.7,13.4,9.8,10.3,0,0.8,13.1
2007-07-30,79.0,17.3,12.7,9.1,2.0,0,6.6,14.9
2007-07-31,82.0,17.7,12.9,9.1,2.1,0,3.3,10.1
2007-08-01,69.0,22.4,16.1,8.1,0.0,0,14.5,7.5
2007-08-02,88.0,17.6,14.6,12.1,4.0,0,0.8,5.9
2007-08-03,74.0,21.5,16.5,11.6,0.0,0,7.6,8.7
2007-08-04,68.0,26.1,19.2,11.3,0.0,0,13.6,8.1
2007-08-05,63.0,28.4,21.5,13.0,0.0,0,14.0,9.8
2007-08-06,57.0,30.7,22.9,14.5,0.2,0,13.1,11.4
2007-08-07,93.0,20.0,17.5,14.9,4.1,0,0.0,7.4
2007-08-08,96.0,15.7,14.3,13.6,1.1,0,0.0,12.0
2007-08-09,93.0,22.0,18.2,14.1,0.0,0,0.3,8.5
2007-08-10,87.0,24.6,19.1,15.1,0.0,0,3.2,10.6
2007-08-11,76.0,21.5,16.4,11.1,0.0,0,9.3,9.6
2007-08-12,78.0,23.6,16.8,10.3,0.0,0,7.8,5.1
2007-08-13,72.0,23.1,17.8,12.7,0.0,0,8.0,10.3
2007-08-14,64.0,25.2,19.7,12.1,0.0,0,10.8,10.9
2007-08-15,76.0,26.7,21.6,18.2,5.8,0,5.2,18.1
2007-08-16,77.0,20.5,17.2,12.2,1.6,0,6.5,15.0
2007-08-17,78.0,20.1,14.4,11.4,0.6,0,4.6,15.9
2007-08-18,70.0,21.6,16.2,11.1,0.0,0,9.2,8.4
2007-08-19,82.0,21.3,16.7,13.3,1.7,0,3.1,6.0
2007-08-20,85.0,21.7,16.4,11.7,0.8,0,4.3,8.3
2007-08-21,96.0,18.4,15.6,11.5,39.0,0,0.0,12.9
2007-08-22,86.0,22.2,17.1,13.3,0.2,0,5.4,13.6
2007-08-23,83.0,25.1,18.5,14.2,3.4,0,4.6,8.7
2007-08-24,79.0,25.9,19.9,15.6,0.0,0,10.5,5.0
2007-08-25,83.0,24.5,19.0,14.7,0.0,0,7.0,8.9
2007-08-26,82.0,23.1,17.4,12.6,0.0,0,5.5,9.1
2007-08-27,73.0,19.6,14.8,10.1,0.0,0,6.5,6.8
2007-08-28,70.0,18.3,14.0,8.9,0.0,0,8.6,6.9
2007-08-29,75.0,18.0,12.5,7.6,0.0,0,5.7,6.7
2007-08-30,85.0,17.7,13.4,7.5,0.9,0,2.8,10.7
2007-08-31,90.0,19.1,14.7,12.4,4.3,0,0.3,13.2
2007-09-01,89.0,20.5,15.0,12.2,1.0,0,4.2,7.6
2007-09-02,84.0,19.2,15.9,12.2,18.0,0,1.4,10.6
2007-09-03,81.0,17.7,13.5,8.5,1.4,0,6.6,15.3
2007-09-04,77.0,16.1,11.3,7.4,0.0,0,7.1,13.4
2007-09-05,79.0,16.6,11.8,6.2,1.0,0,4.7,6.2
2007-09-06,83.0,20.8,15.2,11.6,1.0,0,6.4,10.3
2007-09-07,84.0,20.0,15.5,12.6,0.2,0,1.5,10.8
2007-09-08,93.0,17.8,14.6,12.8,1.8,0,0.7,11.4
2007-09-09,83.0,15.9,13.5,12.3,1.6,0,0.2,9.6
2007-09-10,89.0,15.2,12.8,11.2,7.2,0,1.2,14.7
2007-09-11,90.0,17.2,13.3,10.3,0.6,0,0.8,10.9
2007-09-12,88.0,17.0,13.3,9.1,0.0,0,1.9,6.7
2007-09-13,82.0,16.4,12.5,7.4,0.0,0,0.5,5.3
2007-09-14,86.0,19.7,12.4,5.2,1.5,0,7.2,11.9
2007-09-15,78.0,16.9,11.8,7.6,0.0,0,9.8,8.6
2007-09-16,75.0,21.1,15.1,7.5,0.0,0,9.3,11.8
2007-09-17,86.0,20.3,15.1,11.1,8.0,0,3.5,11.6
2007-09-18,86.0,14.8,10.6,6.0,1.8,0,4.9,17.8
2007-09-19,75.0,15.5,10.7,5.9,0.0,0,7.2,11.3
2007-09-20,78.0,15.9,13.7,10.8,0.0,0,0.5,13.1
2007-09-21,73.0,19.7,15.5,12.9,0.0,0,4.0,10.0
2007-09-22,83.0,20.4,14.4,10.2,0.0,0,6.3,6.0
2007-09-23,82.0,23.2,15.9,8.9,0.0,0,10.1,6.1
2007-09-24,80.0,21.9,16.0,12.0,1.8,0,6.3,13.7
2007-09-25,84.0,16.9,12.1,9.1,0.2,0,5.9,11.0
2007-09-26,84.0,16.9,11.3,7.3,0.0,0,5.2,5.6
2007-09-27,87.0,15.1,11.3,6.8,14.0,0,0.2,14.5
2007-09-28,90.0,16.9,14.0,12.3,14.4,0,0.5,14.2
2007-09-29,98.0,12.8,11.8,10.6,20.6,0,0.0,10.7
2007-09-30,93.0,14.3,11.4,7.3,0.2,0,0.0,11.1
2007-10-01,97.0,13.5,10.4,6.1,3.4,0,0.0,6.3
2007-10-02,95.0,12.7,12.1,11.5,0.0,0,0.0,6.9
2007-10-03,90.0,17.6,14.2,12.0,16.4,0,2.1,7.0
2007-10-04,92.0,17.4,14.6,9.2,0.0,0,1.0,7.2
2007-10-05,87.0,16.9,11.8,7.9,0.0,0,4.3,5.0
2007-10-06,95.0,13.4,9.7,5.9,0.0,0,1.1,6.0
2007-10-07,89.0,16.4,9.2,4.0,0.0,0,8.9,4.4
2007-10-08,90.0,14.0,10.2,5.2,0.0,0,2.8,4.5
2007-10-09,83.0,14.4,11.2,9.4,0.0,0,3.6,6.7
2007-10-10,88.0,15.0,11.2,6.5,0.0,0,0.3,4.0
2007-10-11,88.0,15.7,9.8,3.8,0.8,0,6.3,7.8
2007-10-12,88.0,17.1,12.5,9.2,0.2,0,1.9,13.4
2007-10-13,90.0,14.0,10.1,5.8,0.0,0,3.1,4.9
2007-10-14,82.0,16.6,9.6,3.9,0.0,0,8.7,5.6
2007-10-15,80.0,17.9,11.8,3.5,0.0,0,8.7,9.1
2007-10-16,79.0,16.9,14.1,11.7,0.0,0,3.4,10.6
2007-10-17,87.0,17.3,12.8,8.0,10.0,0,2.3,17.5
2007-10-18,87.0,11.7,7.9,5.7,0.2,0,4.5,13.6
2007-10-19,80.0,10.7,6.8,0.4,0.0,0,2.0,9.8
2007-10-20,83.0,9.6,4.3,-1.3,0.0,0,6.4,4.9
2007-10-21,90.0,10.2,6.6,1.5,2.9,0,0.2,7.2
2007-10-22,86.0,8.3,3.0,-1.1,0.0,0,8.1,6.5
2007-10-23,82.0,8.2,4.1,-1.4,0.0,0,5.5,10.5
2007-10-24,83.0,7.5,7.0,6.1,0.0,0,0.0,11.2
2007-10-25,88.0,8.4,7.4,6.0,0.0,0,0.0,7.7
2007-10-26,89.0,8.2,7.2,6.7,0.0,0,0.0,6.0
2007-10-27,88.0,9.0,7.6,6.6,0.0,0,0.0,5.8
2007-10-28,78.0,11.0,8.9,6.9,0.2,0,0.5,11.8
2007-10-29,93.0,9.0,8.5,8.0,22.0,0,0.0,10.5
2007-10-30,91.0,11.8,8.2,4.5,0.2,0,5.0,6.8
2007-10-31,87.0,11.7,7.6,2.5,0.0,0,5.5,9.6
2007-11-01,87.0,12.4,10.7,9.1,1.5,0,0.0,8.1
2007-11-02,99.0,13.7,12.4,11.2,3.1,0,0.0,6.1
2007-11-03,96.0,13.1,11.4,7.8,0.9,0,0.0,8.8
2007-11-04,87.0,11.1,9.0,7.5,0.0,0,0.0,7.5
2007-11-05,83.0,10.5,8.4,6.9,3.5,0,0.0,15.1
2007-11-06,86.0,8.5,6.6,5.1,2.5,0,1.5,18.0
2007-11-07,91.0,10.6,8.3,6.2,4.2,0,0.0,15.7
2007-11-08,90.0,11.2,8.9,6.3,9.7,0,0.5,16.0
2007-11-09,86.0,6.7,4.5,2.6,7.7,0,0.8,19.1
2007-11-10,91.0,7.6,5.0,3.3,12.0,0,2.1,15.9
2007-11-11,93.0,9.7,5.3,1.3,9.9,0,0.4,18.9
2007-11-12,92.0,5.5,3.9,2.1,12.1,0,0.1,14.4
2007-11-13,90.0,5.9,3.8,0.2,0.0,0,0.2,9.8
2007-11-14,86.0,3.9,1.8,-0.1,0.3,0,1.4,10.0
2007-11-15,87.0,3.4,0.7,-2.7,0.0,0,3.0,6.0
2007-11-16,80.0,6.5,3.7,1.1,0.1,0,0.1,7.7
2007-11-17,94.0,4.9,3.7,1.1,0.1,0,0.0,5.9
2007-11-18,84.0,6.8,4.8,2.8,0.0,0,0.5,10.0
2007-11-19,84.0,5.0,3.5,1.5,0.6,0,0.2,8.5
2007-11-20,81.0,8.9,5.7,3.2,0.0,0,1.7,7.3
2007-11-21,75.0,12.3,8.6,4.6,0.0,0,0.1,7.5
2007-11-22,88.0,12.3,8.1,3.1,0.0,0,3.5,8.6
2007-11-23,91.0,8.1,6.0,1.9,0.8,0,0.0,10.7
2007-11-24,91.0,4.9,2.7,-0.4,4.5,0,3.0,12.8
2007-11-25,90.0,8.0,5.0,2.1,4.1,0,2.3,16.6
2007-11-26,92.0,3.8,2.2,1.1,3.8,0,0.4,11.2
2007-11-27,90.0,6.2,3.3,1.0,0.0,0,0.5,7.2
2007-11-28,83.0,6.3,4.3,2.2,0.0,0,0.6,10.5
2007-11-29,88.0,6.3,4.7,2.8,2.3,0,0.0,11.9
2007-11-30,94.0,8.1,5.9,4.1,7.5,0,0.0,12.0
2007-12-01,82.0,9.4,8.2,6.9,2.5,0,4.1,14.9
2007-12-02,87.0,10.1,7.9,6.2,29.9,0,0.0,21.4
2007-12-03,83.0,8.7,6.3,3.8,1.1,0,0.7,20.2
2007-12-04,89.0,8.2,5.6,3.3,0.9,0,3.0,11.2
2007-12-05,87.0,12.6,10.3,6.9,5.2,0,0.0,14.7
2007-12-06,90.0,11.9,9.4,8.6,20.4,0,0.0,13.7
2007-12-07,87.0,13.1,9.2,5.4,8.0,0,0.5,23.3
2007-12-08,84.0,6.9,5.3,2.6,8.8,0,0.4,16.4
2007-12-09,88.0,8.6,6.6,3.9,1.8,0,0.6,14.6
2007-12-10,94.0,5.9,5.3,4.3,6.5,0,0.0,8.2
2007-12-11,89.0,6.3,5.2,4.6,0.0,0,0.0,10.0
2007-12-12,87.0,5.5,4.3,3.1,0.0,0,0.0,6.9
2007-12-13,87.0,4.4,3.3,2.2,0.0,0,0.0,5.8
2007-12-14,79.0,3.3,2.4,1.7,0.0,0,0.4,4.8
2007-12-15,81.0,3.0,0.9,-2.6,0.0,0,2.0,10.5
2007-12-16,89.0,-0.1,-2.3,-4.5,0.0,0,4.6,9.8
2007-12-17,83.0,1.8,-0.3,-2.2,0.0,0,2.4,11.3
2007-12-18,89.0,0.9,-1.1,-3.0,0.0,0,3.9,8.8
2007-12-19,98.0,-2.4,-3.2,-3.7,0.0,0,0.0,5.9
2007-12-20,98.0,-3.4,-4.0,-4.6,0.0,0,0.0,4.6
2007-12-21,98.0,-1.6,-4.3,-6.9,0.0,0,3.6,3.7
2007-12-22,94.0,2.5,-4.1,-7.8,0.8,0,6.1,3.9
2007-12-23,93.0,2.5,1.0,-5.4,1.1,0,0.0,8.3
2007-12-24,95.0,2.7,1.4,0.1,0.0,0,3.3,7.8
2007-12-26,87.0,4.1,2.8,1.9,0.0,0,0.0,10.1
2007-12-27,87.0,5.9,3.7,2.2,0.0,0,0.3,11.2
2007-12-28,83.0,9.0,6.7,4.3,0.0,0,3.9,13.0
2007-12-29,82.0,7.5,5.0,2.7,1.0,0,0.3,15.5
2007-12-30,92.0,6.5,4.8,1.0,0.9,0,0.0,10.4
2007-12-31,98.0,3.9,1.1,-0.9,0.0,0,2.3,5.3
2008-01-01,97.0,1.5,-0.3,-2.5,0.0,0,0.0,5.7
2008-01-02,89.0,1.1,-1.1,-4.4,0.0,0,3.7,12.0
2008-01-03,79.0,-0.1,-1.0,-1.8,0.0,0,0.7,14.2
2008-01-04,75.0,4.3,0.4,-1.1,2.1,0,1.0,10.8
2008-01-05,86.0,6.7,5.3,4.2,7.4,0,0.0,13.2
2008-01-06,92.0,5.8,4.2,1.3,2.4,0,0.0,9.3
2008-01-07,83.0,7.9,5.2,1.3,9.8,0,0.1,21.3
2008-01-08,83.0,6.9,5.5,3.2,0.0,0,1.2,14.0
2008-01-09,85.0,6.4,5.1,3.9,3.1,0,0.0,11.8
2008-01-10,79.0,9.9,6.5,3.9,0.1,0,1.0,15.0
2008-01-11,72.0,12.5,10.6,9.1,0.0,0,1.8,12.8
2008-01-12,80.0,10.2,6.6,2.9,1.4,0,0.2,15.1
2008-01-13,74.0,8.2,4.7,-0.2,0.0,0,5.1,10.6
2008-01-14,77.0,7.9,5.0,-1.0,0.4,0,0.7,13.9
2008-01-15,75.0,9.5,8.3,6.8,1.8,0,0.1,20.0
2008-01-16,79.0,9.6,7.6,5.2,0.4,0,1.0,17.2
2008-01-17,88.0,8.2,6.3,4.2,8.8,0,1.1,13.4
2008-01-18,90.0,11.4,8.0,5.6,13.5,0,0.0,18.5
2008-01-19,97.0,11.8,10.2,8.9,27.5,0,0.0,15.8
2008-01-20,97.0,11.3,10.7,8.9,18.0,0,0.0,15.6
2008-01-21,94.0,10.5,9.2,7.4,14.5,0,0.0,17.8
2008-01-22,85.0,8.7,3.9,1.6,0.0,0,5.4,16.1
2008-01-23,87.0,7.9,4.4,1.2,0.5,0,0.2,11.9
2008-01-24,87.0,9.0,7.6,3.3,3.8,0,0.0,16.4
2008-01-25,79.0,7.5,5.2,2.0,0.0,0,4.1,17.2
2008-01-26,83.0,10.2,7.6,6.5,13.2,0,2.7,18.3
2008-01-27,91.0,8.7,7.6,6.7,2.2,0,0.0,16.1
2008-01-28,88.0,8.2,7.4,6.4,0.0,0,0.0,6.4
2008-01-29,79.0,6.5,5.6,3.6,0.0,0,0.0,8.2
2008-01-30,92.0,4.9,3.3,1.0,1.5,0,0.0,8.6
2008-01-31,85.0,4.5,2.5,0.7,5.3,0,0.0,22.5
2008-02-01,77.0,6.8,5.1,3.5,2.8,0,0.5,21.2
2008-02-02,82.0,4.1,2.4,0.5,1.6,0,2.7,18.7
2008-02-03,65.0,5.2,2.7,0.7,0.0,0,6.9,12.3
2008-02-04,74.0,6.8,4.6,3.0,3.2,0,0.0,14.0
2008-02-05,88.0,9.4,5.4,3.0,15.0,0,0.0,15.1
2008-02-06,91.0,9.1,6.7,3.1,7.9,0,0.0,15.6
2008-02-07,85.0,7.8,4.6,1.2,0.0,0,5.4,9.2
2008-02-08,59.0,12.1,6.8,3.1,0.0,0,4.9,8.2
2008-02-09,69.0,13.4,5.5,0.2,0.0,0,7.8,4.1
2008-02-10,77.0,13.4,5.4,0.2,0.0,0,7.7,3.4
2008-02-11,84.0,13.0,5.0,-0.4,0.0,0,7.8,4.4
2008-02-12,99.0,3.4,0.8,-1.3,0.0,0,0.0,5.8
2008-02-13,91.0,6.9,1.4,-2.6,0.0,0,7.6,4.0
2008-02-14,95.0,4.5,2.7,0.8,0.5,0,0.0,6.0
2008-02-15,72.0,3.4,0.5,-3.3,0.0,0,8.1,9.7
2008-02-16,71.0,2.2,-2.0,-5.9,0.0,0,8.3,5.7
2008-02-17,56.0,7.4,0.6,-4.6,0.0,0,8.1,7.4
2008-02-18,88.0,3.6,1.9,0.1,0.0,0,0.0,7.9
2008-02-19,90.0,6.7,2.4,-1.5,0.0,0,3.7,4.4
2008-02-20,85.0,9.1,3.2,-1.5,0.0,0,2.7,7.7
2008-02-21,86.0,9.1,6.2,1.7,0.2,0,0.1,15.3
2008-02-22,86.0,10.8,9.3,7.9,1.6,0,0.0,17.9
2008-02-23,74.0,11.6,8.4,4.8,0.0,0,2.9,14.8
2008-02-24,79.0,9.8,8.7,7.4,6.0,0,0.0,11.6
2008-02-25,78.0,10.1,7.4,4.2,0.0,0,7.2,12.7
2008-02-26,84.0,12.7,9.5,6.4,4.5,0,0.0,17.2
2008-02-27,74.0,10.2,6.5,3.8,0.0,0,2.7,15.1
2008-02-28,74.0,10.3,6.5,3.2,0.0,0,3.8,8.3
2008-02-29,82.0,9.2,6.8,4.1,13.7,0,0.4,21.0
2008-03-01,77.0,9.7,7.6,6.0,5.6,0,0.5,26.8
2008-03-02,73.0,10.2,8.4,6.0,0.0,0,0.1,23.2
2008-03-03,75.0,8.6,5.4,1.2,1.1,0,3.4,21.4
2008-03-04,77.0,7.2,2.5,-1.2,0.4,0,5.6,15.0
2008-03-05,71.0,6.5,1.8,-2.1,0.2,0,6.5,13.9
2008-03-06,87.0,7.0,4.9,2.8,0.9,0,0.0,12.9
2008-03-07,85.0,8.8,7.2,6.4,0.0,0,0.0,8.1
2008-03-08,70.0,10.8,6.8,2.3,0.0,0,6.9,10.6
2008-03-09,69.0,11.2,8.4,6.5,0.0,0,0.5,12.8
2008-03-10,67.0,11.8,8.0,5.6,1.6,0,3.7,20.5
2008-03-11,78.0,10.6,7.7,5.9,9.8,0,0.8,17.5
2008-03-12,78.0,10.1,6.6,2.9,13.4,0,1.3,24.2
2008-03-13,71.0,10.1,6.7,3.5,0.4,0,2.7,18.4
2008-03-14,77.0,10.9,6.9,3.1,0.2,0,5.0,14.7
2008-03-15,74.0,13.2,7.4,1.0,7.8,0,5.3,5.8
2008-03-16,93.0,11.0,6.6,4.3,5.5,0,0.0,9.3
2008-03-17,77.0,7.2,3.9,0.1,0.5,0,2.2,17.7
2008-03-18,85.0,7.7,2.8,-0.5,1.7,0,4.8,16.9
2008-03-19,80.0,7.0,3.2,1.4,1.0,0,3.9,17.9
2008-03-20,88.0,7.4,3.4,0.7,15.4,0,1.0,17.8
2008-03-21,95.0,5.1,2.8,0.6,2.7,0,0.2,14.2
2008-03-22,92.0,3.9,0.8,-1.3,3.9,0,0.0,11.1
2008-03-23,58.0,4.0,-0.1,-3.2,0.0,0,10.8,7.4
2008-03-24,79.0,5.2,0.3,-0.9,1.8,0,3.0,13.6
2008-03-25,87.0,4.2,0.5,-1.0,4.4,0,2.3,13.4
2008-03-26,78.0,7.6,2.4,-1.7,0.0,1,5.1,10.0
2008-03-27,85.0,8.5,3.3,-2.2,0.5,0,5.7,8.0
2008-03-28,76.0,10.1,6.7,3.2,4.4,0,1.0,15.2
2008-03-29,67.0,12.5,8.6,5.9,0.0,0,4.5,18.1
2008-03-30,55.0,19.2,11.6,8.1,0.2,0,8.2,14.9
2008-03-31,76.0,13.7,10.1,6.2,0.0,0,1.4,10.0
2008-04-01,80.0,15.8,8.7,2.4,3.6,0,5.4,19.5
2008-04-02,81.0,11.3,7.8,6.0,6.2,0,1.5,14.2
2008-04-03,86.0,9.1,6.8,5.5,0.3,0,0.3,10.9
2008-04-04,83.0,9.7,6.8,4.8,0.4,0,0.0,8.1
2008-04-05,87.0,8.2,6.4,2.3,2.6,0,0.3,9.7
2008-04-06,73.0,9.5,4.2,-0.5,0.0,0,6.9,10.4
2008-04-07,78.0,8.2,2.8,-1.8,0.0,0,2.5,7.1
2008-04-08,72.0,10.1,4.0,-2.7,0.0,0,8.6,8.3
2008-04-09,68.0,11.8,5.9,1.8,0.0,0,4.7,7.3
2008-04-10,85.0,8.8,4.6,-0.4,0.0,0,1.2,7.3
2008-04-11,85.0,10.2,6.0,3.5,0.0,0,0.4,6.5
2008-04-12,64.0,14.3,9.0,3.8,0.0,0,6.9,13.5
2008-04-13,75.0,12.8,8.6,4.8,1.4,0,2.5,7.9
2008-04-14,91.0,8.7,6.1,2.1,5.8,0,0.0,6.8
2008-04-15,88.0,9.4,4.5,1.2,1.3,0,1.7,10.1
2008-04-16,76.0,10.0,4.4,-0.7,0.0,0,7.3,8.0
2008-04-17,75.0,11.0,5.5,-1.5,0.0,0,9.6,9.0
2008-04-18,83.0,8.8,6.3,5.0,0.0,0,0.2,12.8
2008-04-19,74.0,9.8,7.2,4.9,0.0,0,4.1,15.5
2008-04-20,71.0,12.7,9.0,3.9,0.0,0,3.1,10.3
2008-04-21,63.0,16.4,11.0,4.6,0.0,0,11.8,14.9
2008-04-22,59.0,16.9,11.6,6.5,0.0,0,6.8,12.5
2008-04-23,57.0,19.6,11.9,4.7,0.0,0,8.2,6.7
2008-04-24,73.0,17.1,12.5,8.5,3.0,0,2.4,14.7
2008-04-25,74.0,17.3,11.4,7.0,0.0,0,7.0,13.0
2008-04-26,73.0,17.9,11.7,5.5,0.2,0,2.3,6.8
2008-04-27,58.0,21.1,14.8,6.4,0.0,0,9.7,8.8
2008-04-28,76.0,17.2,12.4,8.6,12.6,0,0.9,8.9
2008-04-29,78.0,15.9,11.0,7.7,1.0,0,4.6,7.8
2008-04-30,60.0,19.9,13.3,6.4,0.5,0,8.1,14.1
2008-05-01,72.0,16.7,10.6,6.1,4.0,0,8.7,13.4
2008-05-02,82.0,16.1,9.9,4.9,2.8,0,5.5,7.6
2008-05-03,71.0,17.8,11.2,3.6,0.0,0,11.5,6.7
2008-05-04,59.0,19.4,12.9,4.6,0.0,0,14.0,9.0
2008-05-05,65.0,20.3,13.9,4.9,0.0,0,13.4,8.4
2008-05-06,62.0,21.0,15.4,8.6,0.0,0,13.9,8.4
2008-05-07,59.0,22.9,16.0,6.6,0.0,0,14.2,7.0
2008-05-08,56.0,23.3,16.9,8.0,0.0,0,14.3,8.2
2008-05-09,51.0,24.6,18.0,9.1,0.0,0,14.5,7.7
2008-05-10,50.0,25.2,18.3,9.4,0.0,0,14.6,8.6
2008-05-11,50.0,24.0,17.7,9.3,0.0,0,14.7,11.2
2008-05-12,51.0,25.4,18.3,8.9,0.0,0,12.7,8.1
2008-05-13,59.0,24.8,17.8,9.8,0.0,0,11.5,8.6
2008-05-14,60.0,24.2,17.6,9.8,0.7,0,13.7,7.3
2008-05-15,73.0,22.4,16.6,12.2,2.0,0,7.1,7.7
2008-05-16,93.0,15.0,13.3,11.6,11.1,0,0.0,5.0
2008-05-17,93.0,11.8,10.4,8.6,8.8,0,0.0,8.4
2008-05-18,66.0,15.9,11.1,6.0,0.0,0,4.3,7.6
2008-05-19,65.0,15.6,10.1,3.9,0.0,0,6.2,9.0
2008-05-20,63.0,16.3,10.4,2.7,0.0,0,13.0,8.8
2008-05-21,63.0,18.1,11.8,4.5,0.0,0,10.5,7.9
2008-05-22,61.0,20.2,13.6,5.4,0.0,0,13.4,7.8
2008-05-23,64.0,20.5,14.3,7.2,0.0,0,9.9,7.6
2008-05-24,57.0,21.2,15.6,8.5,0.0,0,14.5,10.0
2008-05-25,74.0,16.8,14.0,10.7,0.5,0,0.1,10.1
2008-05-26,85.0,16.0,13.6,11.6,0.8,0,0.0,9.6
2008-05-27,81.0,18.4,14.5,10.9,0.0,0,1.7,13.1
2008-05-28,76.0,26.4,19.5,14.3,1.9,0,4.9,11.5
2008-05-29,72.0,24.9,19.8,13.9,0.0,0,4.5,12.1
2008-05-30,72.0,25.9,20.7,14.7,0.3,0,3.8,8.3
2008-05-31,80.0,25.0,19.2,14.8,0.0,0,6.4,8.4
2008-06-01,73.0,26.6,20.3,14.0,0.0,0,7.8,6.7
2008-06-02,64.0,29.9,23.3,14.9,0.0,0,0.0,8.0
2008-06-03,79.0,25.0,20.4,17.1,5.9,0,4.6,9.6
2008-06-04,93.0,19.5,17.3,14.4,0.9,0,0.0,4.8
2008-06-05,70.0,24.8,18.8,13.1,0.0,0,10.5,10.4
2008-06-06,59.0,24.6,18.7,12.0,0.0,0,13.4,11.6
2008-06-07,59.0,27.1,19.8,12.1,0.3,0,10.8,7.9
2008-06-08,54.0,28.0,21.0,12.8,0.0,0,13.1,8.5
2008-06-09,53.0,27.6,20.8,12.1,0.0,0,13.7,9.7
2008-06-10,63.0,26.4,19.2,11.8,0.0,0,10.3,11.1
2008-06-11,66.0,19.0,14.8,9.4,0.0,0,6.4,12.4
2008-06-12,78.0,17.5,11.8,8.1,0.3,0,1.8,10.2
2008-06-13,80.0,15.6,11.1,6.5,3.7,0,4.0,12.8
2008-06-14,82.0,16.9,11.4,7.6,4.1,0,1.4,8.0
2008-06-15,72.0,18.0,12.5,8.1,0.0,0,6.5,16.4
2008-06-16,66.0,19.8,13.1,7.4,0.0,0,11.2,9.9
2008-06-17,61.0,21.7,14.4,6.0,0.0,0,12.8,6.3
2008-06-18,58.0,23.5,16.9,7.8,0.0,0,10.7,12.2
2008-06-19,71.0,22.6,17.1,12.0,0.3,0,2.2,13.7
2008-06-20,69.0,20.3,15.9,10.6,0.0,0,7.5,10.5
2008-06-21,63.0,23.6,17.8,12.5,0.0,0,7.5,7.0
2008-06-22,73.0,30.8,21.7,15.2,15.4,0,6.1,17.8
2008-06-23,61.0,21.5,16.3,10.0,0.0,0,13.1,14.7
2008-06-24,59.0,21.9,15.6,7.0,0.0,0,12.7,7.9
2008-06-25,63.0,25.8,18.5,12.7,0.0,0,5.1,12.1
2008-06-26,59.0,24.4,18.6,13.4,0.8,0,9.8,9.4
2008-06-27,64.0,21.3,16.5,11.8,0.0,0,6.7,14.6
2008-06-28,82.0,21.3,17.3,14.3,0.6,0,1.6,11.6
2008-06-29,67.0,23.8,18.4,13.7,0.0,0,9.1,9.2
2008-06-30,59.0,24.7,18.7,13.0,0.0,0,12.0,7.6
2008-07-01,52.0,28.6,21.4,11.0,0.0,0,15.1,6.9
2008-07-02,49.0,33.7,25.5,16.3,0.0,0,12.8,13.1
2008-07-03,76.0,27.2,20.5,14.3,5.4,0,4.5,10.6
2008-07-04,85.0,22.5,15.8,13.2,1.4,0,4.7,13.0
2008-07-05,60.0,25.0,18.9,11.3,0.5,0,12.8,5.9
2008-07-06,64.0,25.5,19.4,15.0,0.0,0,9.7,11.2
2008-07-07,73.0,21.6,15.9,13.7,7.0,0,4.3,16.3
2008-07-08,74.0,21.0,15.8,11.7,2.8,0,4.3,14.0
2008-07-09,73.0,20.4,15.7,11.0,6.8,0,4.9,12.0
2008-07-10,90.0,22.0,17.6,14.0,23.5,0,0.3,9.9
2008-07-11,80.0,21.7,17.3,13.5,0.6,0,2.6,10.1
2008-07-12,77.0,20.4,16.1,11.5,0.9,0,5.1,14.7
2008-07-13,69.0,21.0,15.5,10.5,0.0,0,8.8,8.0
2008-07-14,69.0,22.5,17.0,11.4,0.0,0,6.8,8.4
2008-07-15,67.0,24.4,18.5,13.6,0.9,0,3.8,10.7
2008-07-16,79.0,20.8,16.2,10.1,1.2,0,2.6,11.3
2008-07-17,79.0,19.5,14.6,10.2,3.1,0,1.4,8.9
2008-07-18,91.0,17.1,14.5,12.5,2.2,0,0.0,10.1
2008-07-19,89.0,21.0,16.1,13.5,10.4,0,3.4,14.4
2008-07-20,79.0,20.8,14.3,10.7,2.0,0,4.0,11.6
2008-07-21,86.0,16.8,12.7,11.4,3.7,0,0.7,15.3
2008-07-22,82.0,18.6,14.9,11.3,0.0,0,2.6,10.3
2008-07-23,84.0,21.6,15.8,11.9,0.1,0,2.2,5.1
2008-07-24,67.0,25.9,19.1,11.5,0.0,0,12.2,10.3
2008-07-25,67.0,27.9,21.7,16.0,0.0,0,6.7,9.8
2008-07-26,75.0,30.7,23.4,18.7,0.1,0,4.4,9.9
2008-07-27,66.0,31.1,24.1,17.4,0.0,0,10.5,6.4
2008-07-28,50.0,32.0,25.2,16.2,0.0,0,14.4,10.3
2008-07-29,71.0,29.6,21.8,17.5,13.2,0,8.1,6.4
2008-07-30,,26.8,,16.7,0.0,0,9.5,5.6
2008-07-31,,31.7,,,0.0,0,11.2,9.7
2008-08-01,68.0,27.7,22.1,15.6,0.0,0,6.4,11.3
2008-08-02,69.0,25.2,19.3,14.4,0.8,0,4.2,12.3
2008-08-03,83.0,24.3,19.0,16.2,38.4,0,3.9,10.1
2008-08-04,74.0,21.7,17.6,14.8,0.0,0,6.9,13.3
2008-08-05,74.0,23.9,18.1,14.1,0.4,0,5.6,9.5
2008-08-06,73.0,27.6,21.1,16.0,0.0,0,6.3,7.9
2008-08-07,72.0,30.3,22.8,17.2,0.3,0,9.5,14.1
2008-08-08,83.0,22.0,17.6,12.3,14.6,0,5.2,14.2
2008-08-09,72.0,20.5,16.4,12.2,0.2,0,5.1,9.4
2008-08-10,83.0,19.1,17.5,16.2,0.9,0,0.8,13.1
2008-08-11,73.0,21.9,17.5,14.1,0.0,0,7.5,10.5
2008-08-12,79.0,23.5,18.0,14.0,2.9,0,3.8,14.1
2008-08-13,79.0,20.3,15.8,13.5,3.0,0,7.4,15.4
2008-08-14,69.0,21.1,16.2,11.1,0.0,0,9.7,14.3
2008-08-15,74.0,22.2,15.5,10.0,4.6,0,8.3,9.5
2008-08-16,70.0,22.7,15.9,8.9,0.0,0,12.5,7.1
2008-08-17,70.0,25.0,17.2,9.4,1.6,0,7.8,7.2
2008-08-18,92.0,20.3,16.5,14.1,7.8,0,0.4,8.7
2008-08-19,81.0,21.4,17.7,13.9,1.8,0,2.5,11.4
2008-08-20,85.0,20.1,16.5,14.7,9.5,0,1.5,11.2
2008-08-21,77.0,22.3,17.4,13.3,0.0,0,3.3,13.9
2008-08-22,88.0,19.6,16.1,11.9,36.5,0,0.9,8.2
2008-08-23,92.0,17.0,13.0,10.6,10.5,0,3.7,10.5
2008-08-24,82.0,20.2,14.9,10.2,0.5,0,4.7,7.9
2008-08-25,81.0,20.5,16.6,14.1,0.0,0,6.0,8.7
2008-08-26,81.0,20.3,17.6,15.5,0.0,0,0.0,7.9
2008-08-27,85.0,17.9,16.7,15.6,0.0,0,0.0,9.8
2008-08-28,85.0,20.8,17.5,15.7,0.8,0,0.7,7.9
2008-08-29,81.0,23.8,18.3,12.9,0.0,0,5.1,8.3
2008-08-30,79.0,22.9,17.3,11.6,0.0,0,11.2,7.9
2008-08-31,67.0,27.1,20.1,12.7,0.0,0,11.4,7.9
2008-09-01,74.0,22.1,18.2,13.1,0.0,0,2.8,10.7
2008-09-02,79.0,20.7,16.6,11.7,4.8,0,0.9,13.6
2008-09-03,84.0,18.7,13.7,11.0,0.0,0,1.9,11.3
2008-09-04,75.0,18.2,13.9,10.4,0.0,0,7.2,11.1
2008-09-05,76.0,20.3,16.4,11.5,1.5,0,2.5,9.9
2008-09-06,79.0,21.9,17.5,14.1,0.2,0,1.4,13.4
2008-09-07,80.0,19.4,15.7,13.3,2.8,0,3.9,11.6
2008-09-08,86.0,19.0,15.0,11.2,0.6,0,1.1,9.4
2008-09-09,74.0,23.8,16.8,8.8,0.0,0,11.7,7.0
2008-09-10,76.0,23.6,18.7,14.3,0.0,0,6.4,9.2
2008-09-11,74.0,25.2,19.4,12.6,0.0,0,10.6,7.4
2008-09-12,78.0,21.6,17.5,13.4,6.8,0,7.3,11.4
2008-09-13,65.0,16.4,12.8,7.2,0.0,0,11.6,14.0
2008-09-14,77.0,16.6,11.3,6.5,0.0,0,6.7,10.5
2008-09-15,82.0,15.5,10.5,7.1,0.0,0,3.2,10.1
2008-09-16,86.0,13.6,10.7,7.2,0.0,0,0.0,5.5
2008-09-17,80.0,16.2,11.2,5.6,0.0,0,2.8,5.3
2008-09-18,74.0,16.3,9.7,3.2,0.0,0,9.6,7.6
2008-09-19,78.0,16.5,9.9,3.0,0.0,0,6.8,5.8
2008-09-20,77.0,17.5,10.3,3.8,0.0,0,10.3,5.4
2008-09-21,86.0,16.4,10.9,6.4,0.0,0,2.3,8.2
2008-09-22,89.0,14.2,10.0,4.8,0.0,0,0.0,6.3
2008-09-23,96.0,12.8,11.4,9.8,8.8,0,0.0,9.8
2008-09-24,88.0,14.7,12.5,9.8,0.0,0,0.7,7.8
2008-09-25,87.0,15.9,10.7,6.6,0.0,0,6.1,8.6
2008-09-26,94.0,14.2,9.7,6.1,0.0,0,3.9,5.4
2008-09-27,81.0,19.2,10.0,3.2,0.0,0,8.3,3.1
2008-09-28,82.0,17.8,11.5,4.3,0.2,0,8.7,6.4
2008-09-29,94.0,13.1,10.8,8.2,5.0,0,0.0,9.4
2008-09-30,94.0,11.9,10.3,8.2,40.5,0,0.0,12.9
2008-10-01,91.0,15.1,11.2,8.8,19.2,0,0.2,16.6
2008-10-02,81.0,13.3,9.2,7.3,0.1,0,2.7,16.0
2008-10-03,83.0,12.5,8.3,5.5,0.6,0,7.7,9.8
2008-10-04,78.0,11.5,8.1,5.3,0.4,0,5.6,13.5
2008-10-05,91.0,11.2,10.0,8.5,15.1,0,0.0,16.3
2008-10-06,97.0,13.9,11.5,10.3,0.0,0,0.0,3.4
2008-10-07,86.0,18.3,14.1,9.6,0.5,0,3.9,7.9
2008-10-08,91.0,16.9,14.0,10.6,1.5,0,0.5,7.8
2008-10-09,88.0,16.8,11.4,6.2,0.0,0,6.6,6.0
2008-10-10,87.0,16.4,10.6,5.3,0.0,0,7.9,7.6
2008-10-11,87.0,19.2,13.8,10.4,0.0,0,8.4,7.7
2008-10-12,93.0,15.2,11.9,7.4,0.0,0,0.9,5.7
2008-10-13,84.0,20.6,14.2,6.3,0.6,0,7.0,8.1
2008-10-14,85.0,16.7,13.7,9.6,0.0,0,3.1,8.9
2008-10-15,87.0,15.7,13.4,11.3,2.6,0,0.3,12.7
2008-10-16,90.0,13.8,9.6,6.5,10.9,0,0.4,14.6
2008-10-17,84.0,13.2,8.5,5.7,0.0,0,5.9,10.5
2008-10-18,85.0,12.6,8.8,5.6,0.0,0,3.9,8.9
2008-10-19,84.0,14.6,10.5,8.0,0.0,0,2.4,8.5
2008-10-20,74.0,17.6,12.9,8.1,2.0,0,8.2,13.5
2008-10-21,89.0,15.7,11.4,6.9,4.9,0,0.0,11.6
2008-10-22,87.0,10.8,7.8,5.9,0.0,0,0.1,7.3
2008-10-23,82.0,13.1,8.2,4.7,0.0,0,8.0,10.2
2008-10-24,80.0,11.7,9.1,6.8,0.6,0,0.0,10.4
2008-10-25,89.0,13.2,9.9,5.2,0.0,0,4.2,10.6
2008-10-26,88.0,14.7,11.6,9.4,13.0,0,0.7,14.0
2008-10-27,88.0,11.7,8.7,4.6,0.3,0,2.9,11.6
2008-10-28,85.0,9.6,5.2,1.6,0.0,0,6.0,7.8
2008-10-29,96.0,6.3,2.3,-0.1,0.0,0,2.3,3.1
2008-10-30,95.0,4.3,3.1,1.7,4.5,0,0.0,7.1
2008-10-31,94.0,5.7,4.3,2.0,0.0,0,0.2,6.5
2008-11-01,95.0,6.5,5.5,4.3,1.3,0,0.0,9.3
2008-11-02,93.0,12.6,7.8,4.2,0.0,0,1.9,8.7
2008-11-03,98.0,8.8,7.6,6.0,0.1,0,0.0,9.0
2008-11-04,100.0,8.3,7.4,6.9,0.1,0,0.0,8.5
2008-11-05,95.0,9.8,9.3,8.1,1.2,0,0.0,11.1
2008-11-06,89.0,13.4,10.7,9.5,0.0,0,1.5,3.9
2008-11-07,88.0,12.1,9.9,7.7,0.0,0,0.9,7.1
2008-11-08,82.0,12.6,9.4,7.0,1.8,0,3.9,10.3
2008-11-09,78.0,12.0,9.3,7.6,1.8,0,1.4,16.0
2008-11-10,82.0,15.0,12.3,8.4,7.7,0,0.4,17.0
2008-11-11,78.0,15.5,11.4,7.3,2.6,0,2.5,20.3
2008-11-12,85.0,10.9,7.9,6.0,1.0,0,2.8,11.8
2008-11-13,91.0,9.1,7.4,6.2,0.8,0,0.2,9.5
2008-11-14,95.0,9.6,7.4,6.0,1.0,0,0.0,11.3
2008-11-15,97.0,10.7,10.1,9.5,2.4,0,0.0,13.9
2008-11-16,91.0,10.6,8.0,4.2,0.2,0,0.5,14.0
2008-11-17,89.0,8.7,5.2,2.7,0.2,0,5.3,6.1
2008-11-18,90.0,8.0,5.9,4.4,3.8,0,0.0,10.0
2008-11-19,89.0,9.4,7.5,4.0,1.2,0,0.3,13.8
2008-11-20,91.0,10.0,7.9,5.0,9.2,0,0.1,15.8
2008-11-21,96.0,6.1,2.9,-0.6,18.4,0,0.3,13.8
2008-11-22,100.0,0.7,0.2,-0.7,8.6,11,0.0,10.3
2008-11-23,96.0,2.1,0.5,-0.6,4.7,11,0.2,10.7
2008-11-24,98.0,0.2,-0.9,-3.3,0.0,13,2.3,7.3
2008-11-25,99.0,2.2,0.6,-0.5,0.0,10,0.0,5.2
2008-11-26,96.0,4.9,3.4,1.0,1.8,8,0.0,10.6
2008-11-27,97.0,6.3,5.2,4.2,0.6,0,0.0,10.6
2008-11-28,81.0,5.2,3.2,0.4,0.7,0,0.6,8.9
2008-11-29,95.0,3.2,1.5,-0.8,2.5,0,0.0,5.5
2008-11-30,94.0,3.6,1.2,-1.4,0.2,0,0.2,6.9
2008-12-01,92.0,5.4,2.2,-0.6,0.1,0,4.1,7.0
2008-12-02,94.0,6.0,3.3,1.3,4.4,0,1.2,11.1
2008-12-03,94.0,2.7,1.6,0.6,0.0,0,0.0,10.6
2008-12-04,93.0,5.5,2.8,1.2,3.1,0,0.0,10.7
2008-12-05,94.0,6.3,5.2,4.3,4.1,0,0.0,9.0
2008-12-06,100.0,5.5,4.8,4.0,0.3,0,0.0,5.7
2008-12-07,95.0,7.0,4.6,2.3,0.0,0,3.6,7.4
2008-12-08,89.0,4.6,3.5,1.9,0.0,0,1.7,9.7
2008-12-09,94.0,2.2,0.6,-0.9,1.3,0,0.0,9.1
2008-12-10,98.0,3.1,1.8,0.0,0.0,0,0.9,6.4
2008-12-11,100.0,0.8,-0.7,-2.5,0.0,0,0.0,3.3
2008-12-12,96.0,2.0,0.2,-2.9,0.0,0,0.0,9.2
2008-12-13,89.0,1.5,-0.6,-3.8,0.0,0,2.5,8.8
2008-12-14,88.0,5.9,1.6,-0.8,0.0,0,2.7,7.4
2008-12-15,92.0,3.9,3.4,2.7,0.0,0,0.0,7.0
2008-12-16,90.0,4.0,2.8,2.0,0.0,0,0.0,4.6
2008-12-17,97.0,2.6,1.2,0.0,1.5,0,0.0,6.7
2008-12-18,99.0,5.0,2.9,0.4,1.8,0,0.0,9.0
2008-12-19,93.0,6.8,5.0,2.8,3.6,0,1.6,10.6
2008-12-20,89.0,9.1,6.5,3.5,2.0,0,0.0,14.1
2008-12-21,96.0,9.1,6.6,2.4,2.5,0,0.0,12.7
2008-12-22,91.0,9.6,7.5,3.7,0.0,0,3.2,14.0
2008-12-23,100.0,5.7,4.6,3.1,1.0,0,0.0,6.6
2008-12-24,97.0,6.2,5.6,3.9,0.3,0,0.0,10.4
2008-12-26,81.0,0.3,-1.7,-3.9,0.0,0,6.2,9.5
2008-12-27,81.0,0.3,-1.9,-3.9,0.0,0,5.0,10.9
2008-12-28,88.0,-0.4,-3.0,-5.0,0.0,0,5.3,10.1
2008-12-29,92.0,-2.5,-4.7,-6.1,0.0,0,6.0,8.7
2008-12-30,94.0,-1.8,-5.9,-8.4,0.0,0,6.0,4.7
2008-12-31,94.0,-1.4,-6.3,-9.5,0.0,0,5.8,4.8
2009-01-01,97.0,-0.7,-2.4,-4.9,0.7,0,0.0,5.8
2009-01-02,97.0,0.4,-2.0,-8.2,0.0,1,0.5,8.9
2009-01-03,88.0,0.6,-4.7,-11.2,2.4,1,0.0,9.5
2009-01-04,98.0,1.0,0.6,0.1,6.7,1,0.0,11.3
2009-01-05,89.0,0.3,-2.6,-8.7,0.0,5,0.7,9.4
2009-01-06,88.0,-4.5,-9.0,-12.2,0.0,3,6.2,4.1
2009-01-07,93.0,-2.8,-5.4,-11.5,1.2,3,0.0,9.2
2009-01-08,99.0,-3.9,-6.0,-10.2,0.0,4,0.0,3.2
2009-01-09,93.0,-3.1,-8.3,-11.6,0.0,4,4.4,2.8
2009-01-10,83.0,-1.8,-6.7,-10.0,0.0,4,6.3,7.0
2009-01-11,58.0,2.9,-0.8,-6.5,0.0,4,6.2,11.3
2009-01-12,43.0,7.2,4.8,2.0,0.0,3,5.2,15.0
2009-01-13,89.0,5.6,4.1,3.1,7.0,0,0.0,12.5
2009-01-14,99.0,3.8,3.2,2.8,0.0,0,0.0,7.0
2009-01-15,97.0,4.7,2.1,-1.8,0.0,0,2.4,5.3
2009-01-16,91.0,1.8,-0.1,-2.3,0.5,0,0.5,6.2
2009-01-17,89.0,7.1,4.0,0.3,2.2,0,2.3,9.7
2009-01-18,88.0,6.3,4.7,2.5,3.9,0,0.0,14.5
2009-01-19,86.0,8.0,4.3,1.8,2.1,0,0.0,16.7
2009-01-20,77.0,6.2,3.8,1.5,0.0,0,2.9,13.8
2009-01-21,85.0,5.1,1.8,-1.9,0.0,0,1.4,7.7
2009-01-22,76.0,5.5,3.0,0.1,1.3,0,1.4,14.5
2009-01-23,91.0,5.7,3.8,2.6,15.3,0,0.0,16.6
2009-01-24,94.0,4.3,3.4,1.6,1.1,0,0.0,13.6
2009-01-25,85.0,5.8,2.4,-1.7,0.0,0,7.1,9.5
2009-01-26,94.0,3.7,-0.4,-2.3,0.0,0,5.4,7.5
2009-01-27,92.0,0.7,-0.1,-1.9,0.0,0,0.0,5.0
2009-01-28,98.0,1.7,-1.2,-3.9,0.0,0,1.7,4.3
2009-01-29,83.0,2.6,-0.7,-3.9,0.0,0,7.1,7.6
2009-01-30,85.0,1.3,-1.4,-3.8,0.0,0,7.1,8.7
2009-01-31,80.0,2.0,-0.3,-3.5,0.6,0,0.0,10.9
2009-02-01,82.0,-0.9,-2.3,-4.2,0.0,0,0.0,12.3
2009-02-02,80.0,3.1,0.7,-1.1,0.0,0,3.4,12.9
2009-02-03,92.0,4.3,0.7,-1.7,0.0,0,6.7,6.0
2009-02-04,100.0,2.4,0.5,-1.8,0.1,0,0.0,4.2
2009-02-05,90.0,8.3,3.8,-0.8,0.9,0,0.4,7.9
2009-02-06,85.0,9.6,5.5,1.9,0.0,0,6.5,5.2
2009-02-07,99.0,4.0,2.0,-0.4,2.6,0,0.0,8.0
2009-02-08,92.0,4.8,1.3,-0.5,0.9,0,3.3,10.5
2009-02-09,90.0,2.7,1.5,-0.4,7.9,0,0.0,9.2
2009-02-10,96.0,7.3,3.3,0.5,6.1,0,0.0,13.0
2009-02-11,89.0,4.0,1.8,-0.5,2.8,0,2.3,10.4
2009-02-12,93.0,3.5,0.5,-1.0,0.9,0,1.4,8.8
2009-02-13,98.0,1.5,0.7,-0.2,5.8,0,0.0,8.8
2009-02-14,81.0,2.0,-0.9,-4.3,0.0,0,5.8,9.6
2009-02-15,91.0,2.0,-0.8,-4.5,6.5,0,0.5,9.9
2009-02-16,100.0,5.5,3.7,1.1,13.5,2,0.0,7.4
2009-02-17,87.0,5.1,1.4,-3.2,0.0,0,0.7,10.1
2009-02-18,75.0,1.9,-1.7,-5.6,0.0,0,1.9,4.0
2009-02-19,78.0,3.4,0.2,-1.9,4.0,0,3.0,10.7
2009-02-20,98.0,5.5,3.5,1.3,2.5,0,0.0,8.2
2009-02-21,93.0,6.7,3.9,1.7,2.6,0,0.0,10.7
2009-02-22,96.0,6.9,5.5,4.3,3.5,0,0.0,13.1
2009-02-23,91.0,5.8,4.5,3.6,1.3,0,0.1,11.9
2009-02-24,82.0,6.4,4.0,2.6,0.0,0,0.5,5.8
2009-02-25,86.0,7.0,4.5,2.5,3.1,0,0.1,10.0
2009-02-26,88.0,9.1,6.2,5.3,6.6,0,1.1,14.1
2009-02-27,100.0,7.6,6.4,5.6,8.6,0,0.0,9.3
2009-02-28,98.0,8.7,7.8,6.3,1.3,0,0.0,7.5
2009-03-01,94.0,9.6,6.9,4.0,0.1,0,0.5,5.9
2009-03-02,92.0,8.6,6.2,2.9,0.0,0,0.0,8.9
2009-03-03,76.0,9.7,5.4,1.7,0.0,0,3.8,9.1
2009-03-04,61.0,10.6,7.1,3.4,0.0,0,6.8,14.6
2009-03-05,89.0,6.4,4.5,3.5,2.7,0,0.0,6.7
2009-03-06,98.0,5.3,4.0,2.2,12.8,0,0.0,9.8
2009-03-07,82.0,8.5,4.9,2.6,0.2,0,4.3,8.7
2009-03-08,80.0,9.8,6.9,2.8,4.8,0,1.4,14.6
2009-03-09,86.0,7.4,4.2,1.8,1.1,0,0.5,14.4
2009-03-10,91.0,5.6,4.5,3.5,12.2,0,0.0,10.7
2009-03-11,82.0,9.1,5.4,3.1,0.1,0,1.3,9.3
2009-03-12,91.0,8.4,6.2,3.6,3.9,0,0.0,10.6
2009-03-13,79.0,11.8,7.6,3.6,0.0,0,7.4,9.1
2009-03-14,80.0,13.3,8.5,4.7,1.8,0,1.0,9.6
2009-03-15,91.0,8.0,7.1,5.6,4.3,0,0.0,11.9
2009-03-16,90.0,8.7,6.4,4.9,0.0,0,0.0,5.7
2009-03-17,75.0,11.5,7.4,2.8,0.0,0,5.4,9.6
2009-03-18,76.0,9.6,5.1,2.2,0.0,0,4.4,8.5
2009-03-19,67.0,10.6,5.1,-0.1,0.0,0,5.7,11.0
2009-03-20,59.0,8.5,2.9,-2.5,0.0,0,10.9,6.8
2009-03-21,58.0,11.7,4.8,-2.5,0.2,0,10.9,8.5
2009-03-22,75.0,9.9,6.8,3.0,0.3,0,1.1,12.8
2009-03-23,87.0,8.7,6.1,2.4,9.2,0,0.1,17.2
2009-03-24,74.0,7.1,2.8,-1.2,1.1,0,5.7,14.2
2009-03-25,90.0,6.9,3.0,-0.5,7.9,0,0.2,11.6
2009-03-26,93.0,8.0,5.9,4.0,8.8,0,0.1,13.4
2009-03-27,82.0,8.8,5.9,3.5,3.4,0,3.3,15.3
2009-03-28,88.0,8.4,5.4,3.4,4.3,0,0.5,13.4
2009-03-29,82.0,10.3,5.6,0.5,0.0,0,1.7,7.8
2009-03-30,69.0,11.8,5.1,-1.7,0.0,0,11.4,6.3
2009-03-31,65.0,13.8,6.9,-1.2,0.0,0,11.9,6.1
2009-04-01,72.0,15.0,9.2,1.7,0.0,0,10.7,10.3
2009-04-02,69.0,17.3,11.3,6.2,0.0,0,10.9,14.4
2009-04-03,64.0,22.1,14.1,5.7,0.0,0,11.8,5.3
2009-04-04,78.0,16.6,11.6,7.6,0.0,0,1.3,9.0
2009-04-05,78.0,14.5,10.1,7.5,0.0,0,3.3,4.1
2009-04-06,68.0,19.5,13.2,6.3,0.1,0,6.6,7.6
2009-04-07,65.0,23.1,15.6,9.7,4.7,0,10.5,11.6
2009-04-08,77.0,17.5,11.9,8.0,1.9,0,6.2,15.1
2009-04-09,79.0,18.8,12.7,5.7,0.0,0,5.3,6.1
2009-04-10,64.0,23.4,16.3,8.7,0.0,0,11.1,8.6
2009-04-11,66.0,22.6,16.6,10.6,0.0,0,10.3,6.5
2009-04-12,67.0,21.6,15.5,9.6,0.0,0,10.4,6.9
2009-04-13,76.0,21.4,15.0,8.6,0.0,0,9.1,5.4
2009-04-14,77.0,21.3,15.0,9.0,0.0,0,7.1,4.7
2009-04-15,66.0,22.7,16.2,8.4,0.0,0,11.9,7.6
2009-04-16,57.0,22.0,15.8,8.5,0.4,0,9.8,10.5
2009-04-17,59.0,17.9,12.7,6.9,0.0,0,7.7,11.9
2009-04-18,61.0,17.7,10.5,4.5,0.0,0,9.4,11.8
2009-04-19,67.0,17.3,11.2,5.1,0.0,0,10.2,8.6
2009-04-20,62.0,19.2,12.6,4.9,0.0,0,13.3,8.4
2009-04-21,55.0,20.1,13.1,4.2,0.0,0,13.4,6.7
2009-04-22,70.0,15.4,9.6,5.0,0.0,0,4.7,12.6
2009-04-23,66.0,15.9,10.9,6.9,0.0,0,6.8,7.1
2009-04-24,60.0,20.2,12.9,3.5,0.0,0,13.1,11.5
2009-04-25,52.0,22.1,15.6,9.4,1.2,0,9.8,13.2
2009-04-26,65.0,24.2,16.4,9.8,7.8,0,8.3,5.7
2009-04-27,73.0,17.4,13.4,10.7,11.3,0,5.0,12.1
2009-04-28,93.0,11.8,10.3,6.5,0.9,0,0.0,6.8
2009-04-29,85.0,13.1,9.7,5.6,0.3,0,0.3,5.5
2009-04-30,80.0,18.1,12.8,7.9,0.0,0,3.0,9.0
2009-05-01,85.0,18.7,12.9,7.9,0.0,0,7.3,4.9
2009-05-02,71.0,20.7,14.9,9.1,0.0,0,11.1,8.5
2009-05-03,75.0,16.4,11.9,7.8,0.0,0,1.4,11.5
2009-05-04,64.0,14.5,9.8,4.9,0.4,0,4.3,9.5
2009-05-05,82.0,13.9,10.2,7.2,7.6,0,0.2,12.1
2009-05-06,94.0,12.9,11.5,10.6,10.5,0,0.0,14.2
2009-05-07,76.0,18.7,13.6,9.9,0.0,0,6.4,10.9
2009-05-08,72.0,18.1,13.3,7.0,0.0,0,4.4,15.4
2009-05-09,61.0,18.0,12.4,6.0,0.0,0,8.8,7.6
2009-05-10,59.0,21.0,14.3,6.7,0.0,0,8.6,7.7
2009-05-11,67.0,16.3,12.1,6.8,0.0,0,4.0,9.7
2009-05-12,57.0,17.4,11.7,4.5,0.0,0,15.0,12.8
2009-05-13,54.0,19.2,13.7,6.6,0.0,0,11.4,12.2
2009-05-14,53.0,17.4,14.1,10.0,1.6,0,2.4,11.0
2009-05-15,83.0,18.5,13.6,9.6,13.3,0,0.7,10.1
2009-05-16,71.0,17.2,13.4,7.9,0.0,0,7.9,9.0
2009-05-17,77.0,18.3,13.8,10.0,2.0,0,3.0,8.4
2009-05-18,62.0,20.3,14.9,9.6,0.0,0,12.2,10.4
2009-05-19,66.0,21.6,15.0,7.0,5.0,0,11.1,9.3
2009-05-20,70.0,21.4,16.2,9.8,0.0,0,10.8,5.2
2009-05-21,68.0,22.9,16.0,9.5,0.0,0,6.4,10.4
2009-05-22,70.0,18.9,12.9,7.1,1.5,0,10.0,16.4
2009-05-23,63.0,21.5,15.4,7.9,0.0,0,9.8,8.7
2009-05-24,57.0,24.4,18.3,10.7,0.0,0,15.2,10.2
2009-05-25,72.0,24.7,16.9,8.9,0.0,0,8.3,6.8
2009-05-26,71.0,25.9,18.2,9.3,0.2,0,6.5,19.2
2009-05-27,64.0,18.4,13.1,8.3,2.0,0,8.5,12.9
2009-05-28,72.0,18.7,13.7,7.1,0.1,0,6.5,13.4
2009-05-29,62.0,20.7,14.0,5.2,0.0,0,13.0,10.9
2009-05-30,61.0,21.6,15.2,7.3,0.0,0,10.7,11.2
2009-05-31,63.0,23.3,17.4,11.7,0.0,0,12.0,11.4
2009-06-01,56.0,25.5,19.3,11.8,0.0,0,13.9,11.6
2009-06-02,61.0,24.0,15.9,9.8,0.0,0,10.2,12.4
2009-06-03,63.0,16.5,11.6,7.9,0.3,0,3.1,13.8
2009-06-04,66.0,15.6,10.2,6.1,0.0,0,2.1,13.2
2009-06-05,66.0,15.6,10.0,5.2,0.0,0,4.6,7.2
2009-06-06,76.0,15.3,9.6,4.0,6.1,0,2.8,11.6
2009-06-07,86.0,15.6,11.5,8.8,18.4,0,0.5,9.1
2009-06-08,71.0,18.6,13.2,7.8,2.9,0,6.7,8.9
2009-06-09,78.0,22.1,15.2,11.2,4.2,0,3.8,12.4
2009-06-10,76.0,19.6,14.9,11.3,14.2,0,3.5,13.5
2009-06-11,90.0,15.5,12.2,9.6,8.9,0,0.6,14.5
2009-06-12,72.0,17.2,12.2,7.5,0.3,0,8.1,15.0
2009-06-13,64.0,20.4,13.6,5.9,0.0,0,14.6,7.7
2009-06-14,82.0,21.4,15.3,7.5,2.5,0,3.5,10.2
2009-06-15,82.0,18.2,15.3,9.7,2.1,0,0.5,6.6
2009-06-16,81.0,18.2,12.9,8.4,0.3,0,3.8,8.4
2009-06-17,67.0,22.2,15.6,5.5,0.5,0,10.9,8.6
2009-06-18,65.0,22.4,17.9,14.0,0.0,0,4.5,10.4
2009-06-19,64.0,18.7,15.0,10.1,0.7,0,8.0,15.3
2009-06-20,78.0,18.1,12.9,10.0,4.4,0,4.2,14.4
2009-06-21,78.0,16.8,12.8,8.6,1.3,0,4.4,9.4
2009-06-22,70.0,19.9,14.2,6.5,0.0,0,9.0,7.7
2009-06-23,66.0,23.4,17.4,11.4,0.0,0,11.8,10.9
2009-06-24,58.0,24.7,18.8,10.6,0.0,0,15.7,13.2
2009-06-25,67.0,25.5,18.8,13.7,0.0,0,10.7,11.9
2009-06-26,77.0,25.8,20.1,16.7,0.0,0,4.4,9.8
2009-06-27,78.0,24.1,19.9,16.0,0.0,0,2.0,10.4
2009-06-28,74.0,26.0,20.1,15.0,0.0,0,3.1,7.0
2009-06-29,69.0,27.8,22.3,17.1,0.0,0,7.2,6.9
2009-06-30,63.0,28.8,23.0,16.4,0.0,0,10.3,7.0
2009-07-01,68.0,29.0,22.7,15.7,0.0,0,10.4,7.5
2009-07-02,64.0,30.2,23.8,15.8,0.0,0,12.4,8.8
2009-07-03,67.0,32.4,23.8,17.5,0.6,0,9.5,14.7
2009-07-04,66.0,26.7,20.9,15.0,0.0,0,9.1,10.0
2009-07-05,54.0,28.1,21.3,11.7,3.1,0,14.9,8.9
2009-07-06,74.0,25.8,19.1,14.9,0.0,0,6.7,12.8
2009-07-07,68.0,23.8,17.2,13.1,4.9,0,10.3,13.1
2009-07-08,86.0,18.6,15.1,13.0,8.4,0,1.4,14.6
2009-07-09,82.0,19.5,13.6,10.8,7.6,0,3.0,11.3
2009-07-10,90.0,14.5,12.5,10.4,14.4,0,0.6,14.2
2009-07-11,86.0,19.0,13.6,10.0,4.5,0,2.6,13.2
2009-07-12,90.0,20.0,16.2,11.2,2.0,0,0.4,8.3
2009-07-13,67.0,23.9,18.2,12.3,0.0,0,12.1,9.0
2009-07-14,67.0,27.9,20.8,13.8,0.0,0,10.3,12.4
2009-07-15,65.0,26.6,21.3,15.9,0.0,0,12.4,10.9
2009-07-16,55.0,26.5,21.1,14.3,0.0,0,13.8,7.4
2009-07-17,62.0,25.8,20.2,16.8,0.8,0,3.5,9.7
2009-07-18,73.0,19.5,16.5,13.0,0.0,0,1.4,13.0
2009-07-19,82.0,19.0,15.2,12.4,4.8,0,2.8,12.5
2009-07-20,73.0,20.7,16.4,13.2,4.0,0,6.2,13.0
2009-07-21,67.0,27.1,20.2,12.7,27.0,0,10.4,18.6
2009-07-22,75.0,27.0,21.5,16.5,3.5,0,4.8,12.5
2009-07-23,88.0,20.1,17.9,15.1,14.6,0,2.2,8.5
2009-07-24,85.0,22.2,15.8,12.7,16.1,0,5.2,13.0
2009-07-25,78.0,21.4,16.0,11.2,2.5,0,5.7,14.3
2009-07-26,66.0,24.3,17.9,10.2,0.0,0,8.7,8.9
2009-07-27,60.0,28.1,21.0,14.4,1.9,0,8.7,12.3
2009-07-28,71.0,22.3,16.8,11.7,0.0,0,7.0,7.6
2009-07-29,57.0,26.3,20.1,11.2,3.2,0,5.8,9.1
2009-07-30,70.0,21.5,17.6,11.6,1.5,0,7.3,16.1
2009-07-31,65.0,21.7,15.9,9.7,0.0,0,13.1,7.3
2009-08-01,65.0,26.3,18.5,9.9,0.4,0,6.3,7.8
2009-08-02,81.0,22.5,18.1,13.7,2.0,0,1.2,10.6
2009-08-03,75.0,21.3,15.8,10.9,0.0,0,5.7,6.5
2009-08-04,65.0,24.3,17.4,9.5,0.0,0,10.9,4.3
2009-08-05,55.0,27.0,20.2,12.2,0.0,0,13.5,7.8
2009-08-06,53.0,29.1,22.5,13.7,0.0,0,13.6,8.0
2009-08-07,53.0,30.8,23.7,15.5,0.0,0,10.0,7.2
2009-08-08,89.0,21.1,19.0,17.9,23.9,0,1.1,6.4
2009-08-09,85.0,22.6,19.3,16.5,0.0,0,0.1,4.6
2009-08-10,77.0,24.1,19.2,16.0,0.3,0,3.2,7.5
2009-08-11,81.0,23.4,18.5,15.5,1.0,0,2.9,9.6
2009-08-12,85.0,20.1,17.5,15.0,1.4,0,0.7,9.3
2009-08-13,74.0,22.2,17.2,12.3,0.0,0,6.2,7.4
2009-08-14,70.0,22.5,16.3,10.1,0.0,0,9.0,5.9
2009-08-15,57.0,28.0,20.9,13.2,0.0,0,13.5,9.5
2009-08-16,69.0,25.7,20.4,16.0,0.0,0,10.7,9.7
2009-08-17,78.0,25.5,18.5,13.4,3.5,0,6.5,12.3
2009-08-18,71.0,24.2,18.0,12.4,0.0,0,11.2,8.3
2009-08-19,57.0,30.7,21.7,12.6,0.0,0,12.3,7.6
2009-08-20,56.0,36.1,25.3,16.4,6.8,0,8.7,14.8
2009-08-21,72.0,23.2,18.7,13.3,0.0,0,5.2,7.9
2009-08-22,70.0,22.7,16.3,10.9,0.0,0,8.5,8.3
2009-08-23,61.0,25.3,17.8,8.9,0.0,0,12.4,8.9
2009-08-24,53.0,28.0,20.5,11.6,0.0,0,13.0,9.4
2009-08-25,77.0,22.4,19.4,13.7,1.0,0,0.0,8.6
2009-08-26,65.0,24.6,18.3,12.2,0.0,0,7.4,8.7
2009-08-27,59.0,28.5,21.5,14.9,0.0,0,10.5,11.4
2009-08-28,65.0,23.1,18.1,11.8,0.2,0,5.2,14.2
2009-08-29,75.0,20.6,13.5,9.8,1.3,0,6.3,13.8
2009-08-30,71.0,18.9,14.0,9.2,0.0,0,2.7,10.3
2009-08-31,56.0,26.2,19.1,10.7,0.0,0,12.7,8.3
2009-09-01,62.0,27.9,20.1,15.1,3.8,0,5.6,12.6
2009-09-02,74.0,21.5,16.5,12.8,2.6,0,4.6,9.3
2009-09-03,77.0,19.3,15.1,12.3,0.2,0,3.4,17.0
2009-09-04,68.0,18.8,14.3,11.2,6.8,0,5.3,14.2
2009-09-05,85.0,17.9,13.5,10.8,15.4,0,3.3,13.5
2009-09-06,80.0,18.6,13.8,10.4,0.0,0,0.9,8.8
2009-09-07,74.0,22.5,16.1,10.3,0.0,0,8.2,7.1
2009-09-08,67.0,27.0,18.6,10.5,0.0,0,12.1,6.1
2009-09-09,71.0,25.3,18.5,11.6,0.2,0,5.4,9.4
2009-09-10,75.0,18.5,15.3,11.6,0.0,0,0.5,9.0
2009-09-11,74.0,20.0,14.7,9.2,0.0,0,7.1,9.5
2009-09-12,79.0,18.9,13.9,9.2,0.0,0,4.4,7.5
2009-09-13,80.0,17.9,13.7,10.0,1.3,0,3.1,11.6
2009-09-14,78.0,17.7,14.1,11.9,4.8,0,1.5,11.6
2009-09-15,90.0,15.7,14.4,13.2,4.8,0,0.0,9.3
2009-09-16,81.0,19.6,15.5,11.5,0.0,0,0.8,9.5
2009-09-17,72.0,18.0,12.8,7.9,0.0,0,9.7,8.0
2009-09-18,76.0,21.1,13.8,6.2,0.0,0,10.6,7.4
2009-09-19,74.0,24.6,16.8,9.9,0.0,0,10.2,6.8
2009-09-20,81.0,23.8,17.2,11.9,0.0,0,6.0,10.3
2009-09-21,78.0,19.7,13.8,7.9,0.0,0,7.9,7.1
2009-09-22,68.0,22.1,15.3,7.5,0.0,0,7.2,9.8
2009-09-23,78.0,19.9,15.6,13.0,0.0,0,1.2,8.5
2009-09-24,69.0,19.8,14.8,9.5,0.0,0,6.1,7.2
2009-09-25,83.0,16.9,12.3,7.9,0.0,0,4.0,4.2
2009-09-26,76.0,19.6,12.8,7.2,0.0,0,8.4,4.0
2009-09-27,77.0,20.5,13.1,5.7,0.0,0,10.3,5.5
2009-09-28,85.0,17.9,13.9,9.8,0.0,0,0.6,9.2
2009-09-29,90.0,16.8,14.5,12.1,6.8,0,0.1,11.6
2009-09-30,89.0,16.0,13.3,10.1,2.6,0,1.4,9.1
2009-10-01,80.0,15.2,12.0,7.1,0.2,0,2.3,12.4
2009-10-02,88.0,12.1,9.1,7.4,2.6,0,0.5,8.6
2009-10-03,78.0,14.5,12.2,9.9,2.8,0,0.8,17.6
2009-10-04,71.0,14.6,11.6,7.0,0.0,0,4.6,15.1
2009-10-05,83.0,13.2,9.4,3.4,2.6,0,0.9,6.2
2009-10-06,93.0,17.7,13.4,10.8,4.6,0,0.0,13.0
2009-10-07,88.0,21.7,17.2,11.4,44.6,0,1.4,14.4
2009-10-08,86.0,14.2,10.6,6.6,5.1,0,5.0,8.8
2009-10-09,78.0,13.1,8.2,3.4,2.9,0,7.6,8.1
2009-10-10,91.0,14.3,10.4,6.7,3.6,0,0.1,9.2
2009-10-11,92.0,14.3,10.9,8.4,7.6,0,0.2,10.4
2009-10-12,82.0,11.8,8.6,5.5,1.3,0,2.4,13.0
2009-10-13,82.0,11.4,6.8,0.5,0.0,0,4.0,12.3
2009-10-14,76.0,8.4,2.9,-1.6,0.0,0,5.8,9.1
2009-10-15,74.0,9.6,3.0,-2.4,0.9,0,8.3,11.1
2009-10-16,84.0,11.7,8.0,1.6,2.9,0,1.7,18.4
2009-10-17,80.0,10.1,6.6,2.2,0.9,0,2.4,11.7
2009-10-18,81.0,10.8,5.0,0.6,0.0,0,7.0,4.5
2009-10-19,79.0,11.1,6.9,2.2,0.0,0,0.8,6.9
2009-10-20,70.0,10.2,5.7,0.9,0.0,0,7.7,10.7
2009-10-21,71.0,10.6,6.3,2.8,0.0,0,4.2,12.0
2009-10-22,80.0,8.6,6.3,3.9,0.3,0,2.2,10.1
2009-10-23,85.0,12.2,8.5,6.3,0.0,0,0.0,3.0
2009-10-24,84.0,13.1,10.5,6.4,2.1,0,1.8,8.8
2009-10-25,82.0,14.8,12.9,10.6,0.0,0,2.2,9.7
2009-10-26,89.0,12.5,11.5,10.8,4.8,0,0.0,10.8
2009-10-27,92.0,13.1,10.9,7.9,0.0,0,0.0,9.0
2009-10-28,83.0,14.5,10.5,8.5,0.2,0,3.7,6.5
2009-10-29,94.0,13.6,11.8,10.2,0.1,0,0.0,3.3
2009-10-30,92.0,12.2,9.7,4.1,0.0,0,1.9,6.8
2009-10-31,87.0,9.4,6.0,2.4,0.0,0,0.8,5.3
2009-11-01,84.0,12.6,9.7,6.9,19.4,0,0.1,13.2
2009-11-02,88.0,13.2,10.7,7.7,0.1,0,1.6,7.2
2009-11-03,82.0,10.6,7.8,4.9,6.3,0,4.3,12.1
2009-11-04,89.0,10.1,8.0,6.2,2.6,0,1.5,10.7
2009-11-05,90.0,9.1,7.7,6.9,2.8,0,0.0,12.4
2009-11-06,84.0,11.5,9.0,7.6,1.6,0,1.4,9.9
2009-11-07,87.0,8.8,7.3,5.4,2.2,0,0.0,12.4
2009-11-08,89.0,9.6,6.7,3.8,0.0,0,2.9,6.9
2009-11-09,92.0,7.1,6.0,4.5,5.2,0,0.0,9.6
2009-11-10,95.0,6.9,6.1,5.1,17.0,0,0.0,7.2
2009-11-11,92.0,8.0,7.2,6.6,2.0,0,0.0,9.0
2009-11-12,90.0,8.6,6.2,3.5,0.8,0,0.0,8.7
2009-11-13,83.0,14.9,11.4,7.3,1.2,0,0.1,10.6
2009-11-14,74.0,15.4,12.7,10.9,0.9,0,0.0,14.3
2009-11-15,85.0,12.7,10.0,7.4,2.7,0,1.3,11.2
2009-11-16,87.0,13.1,9.6,6.7,0.6,0,0.0,11.1
2009-11-17,76.0,12.2,10.7,8.9,0.0,0,0.0,11.6
2009-11-18,79.0,12.3,10.3,8.6,2.3,0,0.6,20.4
2009-11-19,70.0,12.3,11.0,9.5,0.0,0,5.4,15.1
2009-11-20,64.0,16.7,13.4,10.0,0.3,0,6.2,11.9
2009-11-21,79.0,16.3,13.3,10.8,1.3,0,4.7,8.9
2009-11-22,71.0,14.0,11.6,7.2,2.1,0,1.3,19.3
2009-11-23,82.0,11.2,9.3,7.2,22.3,0,0.0,21.0
2009-11-24,81.0,13.2,10.8,9.1,0.9,0,0.0,15.2
2009-11-25,74.0,13.3,11.5,8.8,1.2,0,0.4,15.3
2009-11-26,77.0,10.6,8.5,6.4,12.0,0,0.3,18.6
2009-11-27,84.0,7.9,6.9,5.6,3.6,0,0.1,18.6
2009-11-28,85.0,8.4,7.2,5.9,8.8,0,0.0,17.9
2009-11-29,76.0,11.3,9.6,8.2,0.2,0,0.1,13.4
2009-11-30,84.0,8.8,6.2,2.4,0.0,0,1.5,7.5
2009-12-01,87.0,5.7,2.6,-2.3,0.0,0,5.4,5.4
2009-12-02,87.0,6.6,2.3,-2.6,0.3,0,0.4,8.2
2009-12-03,82.0,10.1,7.6,5.7,0.5,0,1.8,11.4
2009-12-04,79.0,7.8,5.2,3.7,0.0,0,0.1,11.9
2009-12-05,85.0,7.6,5.0,3.3,10.0,0,0.0,12.7
2009-12-06,89.0,11.6,9.3,7.1,4.0,0,1.0,11.1
2009-12-07,84.0,8.4,6.4,2.9,0.5,0,3.4,9.8
2009-12-08,93.0,7.4,6.3,5.1,4.5,0,0.0,11.0
2009-12-09,89.0,8.0,6.5,5.0,12.8,0,2.3,8.7
2009-12-10,93.0,9.3,8.4,7.3,9.3,0,0.0,11.2
2009-12-11,91.0,8.1,5.2,2.6,2.6,0,0.0,11.1
2009-12-12,87.0,3.8,2.9,1.2,0.0,0,0.0,9.1
2009-12-13,83.0,2.7,0.8,-1.6,0.0,0,3.0,8.1
2009-12-14,81.0,0.5,-1.1,-2.1,0.0,0,5.1,5.9
2009-12-15,85.0,0.2,-1.3,-4.0,0.0,0,1.1,5.0
2009-12-16,82.0,-0.2,-2.2,-4.9,1.0,0,5.0,8.0
2009-12-17,85.0,-1.9,-2.9,-7.0,1.0,1,0.0,6.6
2009-12-18,85.0,-2.2,-5.1,-12.6,1.8,2,0.0,11.8
2009-12-19,81.0,-9.9,-12.1,-14.7,0.1,8,2.4,6.6
2009-12-20,84.0,-1.3,-6.1,-10.6,3.3,7,0.0,11.7
2009-12-21,78.0,0.4,-1.6,-2.7,0.8,9,3.8,13.2
2009-12-22,92.0,1.8,0.9,-0.7,3.2,9,0.0,10.6
2009-12-23,89.0,1.3,-0.4,-4.1,0.0,7,2.2,9.6
2009-12-24,92.0,2.5,-1.2,-4.8,6.8,6,1.6,8.1
2009-12-26,81.0,6.8,3.9,1.8,0.4,0,5.0,15.0
2009-12-27,82.0,4.8,3.3,2.3,3.5,0,0.0,11.8
2009-12-28,91.0,5.2,2.1,-2.9,0.2,0,2.1,13.5
2009-12-29,95.0,0.8,-0.6,-2.6,4.6,0,1.2,8.5
2009-12-30,95.0,0.1,-0.2,-0.8,10.7,3,0.0,8.7
2009-12-31,95.0,-0.8,-1.3,-1.8,7.2,3,0.0,8.3
2010-01-01,91.0,-1.5,-2.1,-3.3,0.2,10,0.0,7.4
2010-01-02,89.0,-2.0,-3.7,-5.3,7.5,9,0.0,5.9
2010-01-03,91.0,-3.5,-4.6,-5.6,0.2,17,0.3,6.5
2010-01-04,89.0,-3.3,-4.9,-7.4,0.3,16,1.0,9.1
2010-01-05,90.0,-0.7,-1.9,-3.3,1.1,15,0.0,8.2
2010-01-06,88.0,-2.0,-3.5,-5.2,0.0,14,0.3,3.9
2010-01-07,89.0,-1.6,-2.9,-4.1,0.4,14,0.0,4.4
2010-01-08,91.0,-2.5,-4.6,-7.7,0.5,13,0.0,11.7
2010-01-09,89.0,-0.5,-2.0,-4.0,4.6,11,0.0,13.9
2010-01-10,88.0,-0.6,-1.6,-1.9,1.5,15,0.0,10.8
2010-01-11,89.0,0.0,-1.2,-2.8,0.6,15,0.0,8.6
2010-01-12,87.0,-2.7,-4.7,-6.7,0.0,14,0.0,9.3
2010-01-13,83.0,-2.7,-5.1,-8.2,0.0,14,4.5,11.4
2010-01-14,88.0,0.6,-1.5,-3.9,0.0,13,0.0,6.4
2010-01-15,90.0,0.9,0.2,-1.6,0.0,13,0.0,5.1
2010-01-16,86.0,0.5,-0.8,-1.7,5.0,12,0.0,11.5
2010-01-17,95.0,3.3,1.6,-0.6,4.8,12,0.0,11.1
2010-01-18,95.0,4.7,3.4,2.7,3.3,6,0.0,8.2
2010-01-19,96.0,4.9,3.7,1.2,1.5,0,0.0,6.2
2010-01-20,94.0,3.0,1.7,0.4,0.0,0,0.3,6.9
2010-01-21,89.0,1.8,-0.6,-2.2,0.0,0,0.0,8.7
2010-01-22,89.0,-1.5,-2.9,-4.5,0.0,0,0.0,8.5
2010-01-23,88.0,-2.4,-3.7,-5.0,0.0,0,0.0,8.1
2010-01-24,86.0,-2.7,-3.9,-5.5,3.1,0,0.0,6.7
2010-01-25,84.0,-5.0,-6.5,-10.7,0.0,5,0.8,7.2
2010-01-26,79.0,-7.9,-11.1,-13.6,0.0,5,7.0,6.8
2010-01-27,79.0,1.7,-6.0,-14.0,2.3,5,0.0,16.5
2010-01-28,89.0,2.5,1.4,0.1,4.0,4,0.0,14.2
2010-01-29,93.0,1.0,0.4,-0.5,6.2,6,0.0,11.3
2010-01-30,86.0,-0.5,-2.1,-5.2,1.4,6,0.3,9.4
2010-01-31,85.0,2.6,0.2,-2.2,0.2,7,2.4,10.8
2010-02-01,85.0,1.3,-0.3,-4.1,2.1,6,0.0,11.7
2010-02-02,91.0,1.7,-0.3,-4.0,17.5,9,0.0,15.0
2010-02-03,90.0,3.4,1.0,-1.1,3.5,11,2.4,10.8
2010-02-04,91.0,5.9,2.8,-1.1,0.3,9,0.0,9.6
2010-02-05,85.0,5.9,2.8,0.8,0.0,8,0.8,10.0
2010-02-06,90.0,2.0,0.7,0.0,0.0,6,0.1,7.9
2010-02-07,88.0,0.5,-1.6,-5.8,0.0,5,0.0,7.8
2010-02-08,83.0,-3.7,-5.0,-6.6,0.0,5,0.0,8.8
2010-02-09,82.0,-3.7,-5.1,-6.6,1.8,4,0.0,6.5
2010-02-10,87.0,-4.2,-5.0,-5.9,1.3,8,0.0,8.2
2010-02-11,83.0,-2.1,-3.4,-4.7,0.0,9,0.0,13.7
2010-02-12,85.0,-3.1,-3.8,-5.1,0.6,8,0.0,8.6
2010-02-13,84.0,-1.8,-3.1,-4.2,1.9,9,0.0,7.2
2010-02-14,87.0,-3.9,-4.9,-8.4,0.0,12,0.0,5.7
2010-02-15,84.0,-1.5,-5.5,-10.9,0.1,11,4.3,7.6
2010-02-16,74.0,2.0,-1.8,-5.3,0.0,10,5.6,7.9
2010-02-17,74.0,2.1,-2.3,-8.1,0.0,10,3.5,6.8
2010-02-18,88.0,3.7,2.3,0.2,0.7,8,0.0,8.7
2010-02-19,75.0,8.0,4.0,1.3,0.0,7,2.1,11.7
2010-02-20,82.0,3.8,1.1,-2.0,2.4,2,1.5,13.2
2010-02-21,82.0,3.3,0.8,-2.8,0.0,2,0.5,9.3
2010-02-22,82.0,8.0,4.7,2.1,10.4,0,0.1,16.6
2010-02-23,92.0,8.0,1.8,0.4,2.3,0,0.0,11.7
2010-02-24,89.0,10.8,5.7,1.2,2.3,0,1.8,10.2
2010-02-25,82.0,10.9,8.1,6.8,1.6,0,1.1,13.6
2010-02-26,83.0,12.6,7.8,4.7,5.2,0,1.2,17.1
2010-02-27,75.0,8.6,6.5,4.6,0.6,0,1.8,16.0
2010-02-28,79.0,10.9,6.6,2.9,17.3,0,0.3,23.3
2010-03-01,81.0,7.3,3.7,1.0,0.0,0,2.8,16.8
2010-03-02,78.0,7.0,2.6,-0.4,0.0,0,7.3,11.8
2010-03-03,78.0,6.1,2.7,-0.5,0.0,0,5.0,6.9
2010-03-04,73.0,5.1,0.1,-3.1,0.0,0,5.8,11.2
2010-03-05,84.0,3.4,-0.8,-6.0,12.5,0,4.2,15.4
2010-03-06,80.0,0.2,-2.0,-6.4,0.0,10,7.9,12.7
2010-03-07,66.0,0.9,-3.8,-9.8,0.7,6,9.2,6.1
2010-03-08,82.0,0.8,-1.9,-5.2,0.5,6,0.3,6.7
2010-03-09,72.0,2.1,-2.4,-8.0,0.0,5,10.1,7.2
2010-03-10,80.0,1.8,-2.3,-6.1,0.0,4,10.4,8.8
2010-03-11,89.0,2.5,-1.3,-3.7,1.8,4,1.1,8.0
2010-03-12,81.0,6.4,3.2,0.4,0.0,3,0.0,10.7
2010-03-13,85.0,6.6,4.0,1.6,1.9,0,0.0,13.9
2010-03-14,86.0,7.5,4.6,1.0,4.0,0,0.0,16.8
2010-03-15,88.0,6.3,4.0,0.9,5.9,0,1.1,15.6
2010-03-16,84.0,6.1,3.9,-0.7,0.0,0,0.9,8.0
2010-03-17,67.0,13.3,8.0,3.2,0.0,0,5.9,11.5
2010-03-18,54.0,17.0,11.4,5.4,0.0,0,8.3,9.7
2010-03-19,67.0,16.3,12.8,10.1,4.6,0,0.4,12.9
2010-03-20,86.0,15.1,13.2,11.0,14.6,0,0.1,12.0
2010-03-21,86.0,12.4,9.4,3.4,1.7,0,2.5,13.2
2010-03-22,83.0,12.8,7.4,0.3,0.0,0,4.5,8.3
2010-03-23,67.0,14.2,9.8,5.6,0.0,0,7.9,9.1
2010-03-24,63.0,18.7,11.8,5.3,0.0,0,7.9,8.9
2010-03-25,60.0,21.3,14.4,6.3,0.0,0,5.7,9.8
2010-03-26,81.0,14.9,10.1,5.6,8.7,0,0.8,13.5
2010-03-27,78.0,12.8,9.2,6.5,0.4,0,0.8,9.9
2010-03-28,76.0,13.0,8.9,6.6,0.6,0,2.7,15.0
2010-03-29,82.0,12.7,8.8,6.8,4.9,0,3.4,7.2
2010-03-30,74.0,18.1,11.6,6.2,0.0,0,3.1,14.0
2010-03-31,64.0,13.5,8.1,4.3,0.8,0,6.6,17.4
2010-04-01,76.0,7.8,4.7,2.0,4.5,0,2.8,19.3
2010-04-02,52.0,12.9,7.9,2.6,0.0,0,10.7,11.4
2010-04-03,66.0,13.4,9.4,5.8,2.1,0,2.9,11.3
2010-04-04,80.0,12.6,8.5,6.2,4.9,0,5.0,14.4
2010-04-05,66.0,12.5,8.5,5.4,0.0,0,4.1,11.6
2010-04-06,53.0,16.6,11.3,4.8,0.0,0,12.4,8.9
2010-04-07,51.0,20.4,13.5,5.6,0.0,0,11.6,7.9
2010-04-08,80.0,11.9,9.6,4.4,1.9,0,0.3,7.8
2010-04-09,74.0,15.0,8.7,3.3,0.0,0,3.3,8.7
2010-04-10,76.0,11.9,6.5,1.9,0.0,0,3.5,9.3
2010-04-11,84.0,8.4,5.2,1.5,1.8,0,2.5,10.6
2010-04-12,71.0,14.5,8.2,3.3,0.0,0,7.2,11.3
2010-04-13,64.0,15.6,9.1,3.1,0.0,0,10.8,10.1
2010-04-14,65.0,14.3,8.9,2.5,0.0,0,10.0,10.5
2010-04-15,56.0,15.0,8.8,3.0,0.0,0,12.4,9.6
2010-04-16,66.0,11.8,7.2,2.0,0.0,0,4.6,10.1
2010-04-17,60.0,16.7,8.3,-0.2,0.0,0,13.2,5.5
2010-04-18,53.0,20.0,11.7,1.5,0.0,0,12.8,7.7
2010-04-19,60.0,13.6,8.2,3.7,0.0,0,12.0,8.7
2010-04-20,63.0,14.8,7.9,1.4,0.0,0,4.2,14.6
2010-04-21,60.0,10.2,6.3,3.3,0.3,0,8.2,17.6
2010-04-22,59.0,12.2,6.9,2.3,0.0,0,9.0,7.5
2010-04-23,56.0,13.9,7.6,-1.0,0.0,0,13.6,6.3
2010-04-24,50.0,17.8,10.7,0.9,0.0,0,12.4,8.6
2010-04-25,45.0,25.1,16.4,6.2,1.9,0,10.0,13.9
2010-04-26,83.0,17.0,12.4,8.4,7.0,0,0.9,9.9
2010-04-27,74.0,17.3,12.4,7.9,0.0,0,3.9,6.5
2010-04-28,61.0,21.4,14.8,6.5,0.0,0,10.5,6.8
2010-04-29,47.0,25.1,19.7,13.4,1.9,0,7.2,8.7
2010-04-30,80.0,19.4,13.3,7.7,0.9,0,3.1,13.8
2010-05-01,75.0,17.6,11.4,6.3,0.8,0,7.2,12.7
2010-05-02,87.0,13.5,9.3,5.6,0.8,0,0.8,9.7
2010-05-03,89.0,12.1,8.5,5.3,5.0,0,0.0,7.1
2010-05-04,72.0,12.2,7.3,2.7,0.0,0,5.5,11.3
2010-05-05,65.0,12.6,7.2,0.8,0.0,0,8.0,10.7
2010-05-06,82.0,9.9,6.6,4.2,13.9,0,0.0,14.5
2010-05-07,93.0,8.2,6.3,3.8,2.9,0,0.0,6.7
2010-05-08,87.0,11.8,8.1,5.8,0.0,0,0.1,5.4
2010-05-09,81.0,14.4,9.4,5.8,0.0,0,1.9,7.6
2010-05-10,65.0,10.4,7.8,5.6,0.0,0,0.2,6.5
2010-05-11,74.0,8.6,7.3,5.6,6.7,0,0.0,11.3
2010-05-12,93.0,8.9,7.0,6.2,2.4,0,0.0,7.6
2010-05-13,86.0,9.5,7.4,6.0,0.0,0,0.0,6.5
2010-05-14,74.0,12.1,8.7,5.9,0.0,0,2.4,7.4
2010-05-15,77.0,10.8,8.3,5.6,1.0,0,0.0,8.9
2010-05-16,62.0,17.3,11.6,6.7,0.0,0,11.0,13.0
2010-05-17,76.0,17.2,10.8,5.2,0.0,0,2.2,10.2
2010-05-18,72.0,15.4,9.6,4.5,0.0,0,7.2,12.0
2010-05-19,64.0,15.1,11.3,7.5,0.0,0,1.4,12.3
2010-05-20,54.0,20.8,13.9,8.6,0.0,0,5.8,11.1
2010-05-21,63.0,22.0,14.8,6.6,0.0,0,14.3,9.6
2010-05-22,75.0,23.3,14.5,8.8,0.0,0,7.9,8.6
2010-05-23,72.0,24.8,16.6,9.1,0.5,0,7.7,9.2
2010-05-24,69.0,24.3,17.3,10.3,0.0,0,9.2,19.6
2010-05-25,64.0,18.3,12.7,6.9,0.0,0,10.9,11.4
2010-05-26,75.0,13.0,9.3,4.0,2.3,0,4.6,8.4
2010-05-27,73.0,16.5,12.1,7.9,0.3,0,1.7,5.9
2010-05-28,65.0,19.1,13.1,6.1,0.0,0,9.0,12.9
2010-05-29,55.0,20.8,13.9,2.4,0.0,0,10.0,9.7
2010-05-30,87.0,17.5,12.8,8.0,11.8,0,1.0,17.1
2010-05-31,94.0,15.0,10.9,7.9,1.9,0,0.6,8.8
2010-06-01,67.0,21.1,14.9,9.0,0.0,0,6.9,10.1
2010-06-02,70.0,20.3,14.3,7.3,0.0,0,9.4,9.3
2010-06-03,59.0,22.6,16.3,7.8,0.0,0,15.4,10.1
2010-06-04,61.0,23.6,16.5,7.4,0.0,0,15.5,7.7
2010-06-05,59.0,26.0,18.5,9.1,0.0,0,14.7,5.8
2010-06-06,59.0,29.4,20.6,10.9,1.1,0,9.2,9.7
2010-06-07,74.0,19.8,16.6,11.6,0.0,0,3.4,14.7
2010-06-08,81.0,22.6,16.9,10.8,1.6,0,3.1,6.4
2010-06-09,86.0,23.2,18.8,16.0,10.6,0,2.2,6.5
2010-06-10,81.0,25.6,20.9,16.9,0.5,0,4.7,10.0
2010-06-11,73.0,26.1,20.0,14.7,0.0,0,6.4,19.5
2010-06-12,76.0,18.4,14.7,9.1,0.3,0,5.5,10.0
2010-06-13,68.0,18.2,13.3,7.3,0.0,0,5.4,6.0
2010-06-14,62.0,20.7,16.0,10.9,0.0,0,9.3,7.6
2010-06-15,62.0,19.0,13.8,8.7,0.0,0,11.9,10.3
2010-06-16,60.0,22.2,15.8,9.3,0.0,0,13.2,11.3
2010-06-17,55.0,23.9,17.7,9.1,0.0,0,15.8,11.9
2010-06-18,74.0,18.5,13.5,10.4,0.0,0,1.1,12.3
2010-06-19,77.0,15.4,11.0,7.8,2.7,0,2.3,13.4
2010-06-20,74.0,17.3,12.2,7.0,0.0,0,3.2,10.7
2010-06-21,71.0,18.6,12.8,7.0,0.0,0,3.6,7.2
2010-06-22,64.0,22.3,15.2,7.1,0.0,0,11.8,6.8
2010-06-23,57.0,24.8,17.9,8.2,0.0,0,15.6,7.9
2010-06-24,56.0,28.6,20.8,10.1,0.0,0,12.7,6.5
2010-06-25,61.0,24.9,19.3,12.5,0.0,0,9.6,8.7
2010-06-26,57.0,24.9,18.5,10.5,0.0,0,15.3,7.8
2010-06-27,53.0,28.6,21.3,11.3,0.0,0,15.7,7.3
2010-06-28,50.0,31.7,24.1,15.8,0.0,0,13.3,7.0
2010-06-29,52.0,30.6,23.0,15.9,0.0,0,11.8,10.7
2010-06-30,69.0,27.1,20.8,14.4,0.1,0,8.0,6.7
2010-07-01,57.0,31.0,24.0,15.2,0.0,0,9.5,8.8
2010-07-02,45.0,34.7,27.0,18.2,0.0,0,13.0,7.8
2010-07-03,60.0,36.9,26.2,18.3,9.9,0,10.0,16.5
2010-07-04,74.0,27.8,22.0,17.5,0.0,0,7.6,6.7
2010-07-05,68.0,24.1,19.1,13.2,0.1,0,5.4,11.0
2010-07-06,63.0,22.3,17.0,11.1,0.0,0,7.9,9.3
2010-07-07,55.0,26.2,19.0,9.5,0.0,0,14.0,7.0
2010-07-08,48.0,31.7,24.5,15.9,0.0,0,13.6,9.0
2010-07-09,49.0,35.5,26.8,16.9,0.0,0,10.8,9.9
2010-07-10,49.0,35.5,28.0,19.6,4.8,0,13.7,7.1
2010-07-11,69.0,32.1,25.7,20.0,0.0,0,9.2,15.2
2010-07-12,65.0,34.9,25.5,19.5,1.1,0,10.8,20.5
2010-07-13,57.0,28.7,22.9,15.8,0.0,0,9.0,7.6
2010-07-14,55.0,33.2,25.5,18.8,9.8,0,11.6,19.0
2010-07-15,60.0,25.9,20.8,13.7,0.0,0,12.3,15.4
2010-07-16,53.0,30.6,22.8,13.1,9.0,0,14.1,14.0
2010-07-17,73.0,24.9,19.2,13.0,0.0,0,7.9,13.0
2010-07-18,60.0,24.3,17.9,11.3,0.0,0,12.3,5.2
2010-07-19,51.0,29.3,21.4,11.0,0.0,0,15.1,8.3
2010-07-20,45.0,30.4,23.6,15.9,0.0,0,15.0,7.8
2010-07-21,52.0,34.3,24.9,17.8,4.9,0,8.9,11.9
2010-07-22,77.0,22.7,19.2,15.4,0.0,0,0.9,8.2
2010-07-23,63.0,26.4,20.5,14.3,0.0,0,9.4,9.1
2010-07-24,59.0,21.5,16.8,9.8,0.0,0,9.6,13.2
2010-07-25,66.0,22.9,16.6,8.4,2.1,0,9.5,7.4
2010-07-26,90.0,20.9,16.7,14.8,8.2,0,0.8,12.5
2010-07-27,78.0,24.4,18.1,14.5,0.1,0,5.4,6.8
2010-07-28,78.0,24.1,18.4,14.8,7.7,0,5.9,9.5
2010-07-29,90.0,20.2,15.1,12.8,11.9,0,2.5,12.1
2010-07-30,72.0,23.0,17.1,11.9,0.0,0,9.4,10.3
2010-07-31,66.0,25.6,19.2,12.4,0.5,0,1.0,12.9
2010-08-01,73.0,25.2,20.9,16.3,0.4,0,2.8,6.4
2010-08-02,89.0,18.8,16.3,13.8,8.3,0,0.6,6.6
2010-08-03,85.0,21.0,16.3,12.1,0.1,0,5.2,9.3
2010-08-04,83.0,22.6,16.2,11.7,4.9,0,2.1,12.2
2010-08-05,82.0,21.7,16.1,12.6,0.4,0,3.9,9.7
2010-08-06,68.0,22.9,16.9,11.2,0.0,0,11.3,6.3
2010-08-07,69.0,25.6,18.1,9.2,2.4,0,9.9,8.9
2010-08-08,91.0,20.7,17.4,15.4,11.2,0,1.8,6.1
2010-08-09,85.0,20.9,17.1,13.4,1.1,0,2.0,8.6
2010-08-10,71.0,26.4,19.8,11.9,4.1,0,7.8,9.9
2010-08-11,79.0,23.7,18.7,15.5,0.3,0,4.9,9.7
2010-08-12,67.0,23.7,18.1,13.2,0.0,0,9.6,9.6
2010-08-13,71.0,23.5,17.0,10.7,0.0,0,9.4,6.5
2010-08-14,73.0,24.2,18.2,11.7,0.0,0,8.9,7.5
2010-08-15,85.0,19.0,17.2,15.1,15.2,0,0.0,10.0
2010-08-16,93.0,17.8,15.4,13.8,11.3,0,0.0,4.5
2010-08-17,93.0,19.8,15.0,13.6,7.8,0,1.0,15.8
2010-08-18,86.0,21.5,16.1,12.2,3.9,0,1.5,11.4
2010-08-19,76.0,21.5,16.2,12.3,0.0,0,5.8,10.7
2010-08-20,66.0,26.4,19.8,11.9,0.0,0,11.4,8.1
2010-08-21,73.0,26.5,22.0,17.4,0.0,0,8.9,9.6
2010-08-22,81.0,25.7,20.8,17.5,8.9,0,4.4,9.9
2010-08-23,88.0,22.7,19.0,16.7,27.0,0,2.2,16.7
2010-08-24,73.0,20.0,16.4,11.5,7.6,0,8.0,15.0
2010-08-25,78.0,20.2,15.8,12.8,9.4,0,2.5,11.6
2010-08-26,97.0,16.8,15.2,13.4,131.1,0,0.0,8.1
2010-08-27,96.0,17.7,14.6,11.5,5.8,0,0.0,10.5
2010-08-28,86.0,17.7,12.6,9.3,12.5,0,7.3,10.5
2010-08-29,90.0,16.0,11.9,7.8,10.1,0,1.1,15.2
2010-08-30,91.0,16.4,10.9,7.4,3.5,0,1.4,13.1
2010-08-31,87.0,18.1,12.8,8.8,1.0,0,5.6,8.6
2010-09-01,87.0,17.2,12.9,9.9,0.2,0,1.0,6.9
2010-09-02,92.0,16.4,13.1,9.4,1.0,0,0.5,6.4
2010-09-03,91.0,17.4,13.1,9.2,1.2,0,0.8,4.8
2010-09-04,79.0,18.5,13.4,8.4,0.0,0,7.9,7.2
2010-09-05,78.0,18.3,12.2,6.3,0.0,0,11.8,9.2
2010-09-06,66.0,18.9,13.4,7.4,0.0,0,12.6,11.3
2010-09-07,66.0,16.5,13.7,10.2,2.3,0,0.6,11.8
2010-09-08,88.0,14.7,13.8,11.7,4.8,0,0.0,9.6
2010-09-09,91.0,18.4,14.7,11.6,0.1,0,0.7,8.3
2010-09-10,92.0,18.1,14.7,12.5,1.5,0,1.3,8.1
2010-09-11,78.0,22.4,17.6,14.1,0.0,0,8.5,8.8
2010-09-12,89.0,19.2,15.5,13.4,0.2,0,0.5,8.5
2010-09-13,83.0,18.4,14.2,11.4,5.2,0,2.6,9.1
2010-09-14,95.0,16.0,14.5,11.9,15.3,0,0.0,19.5
2010-09-15,75.0,17.1,13.3,9.8,9.4,0,7.4,17.1
2010-09-16,87.0,16.4,11.5,8.1,1.5,0,6.0,12.7
2010-09-17,83.0,15.7,11.4,9.0,0.4,0,4.7,12.6
2010-09-18,84.0,14.2,10.5,7.7,0.6,0,3.0,10.9
2010-09-19,82.0,15.6,11.2,6.5,0.4,0,2.7,10.5
2010-09-20,77.0,18.2,14.4,11.2,0.0,0,0.8,11.0
2010-09-21,84.0,19.9,15.1,10.1,0.0,0,6.9,6.3
2010-09-22,82.0,22.1,15.5,9.4,0.0,0,10.5,6.8
2010-09-23,76.0,23.4,17.5,10.4,0.0,0,8.8,9.1
2010-09-24,92.0,16.6,15.0,12.9,9.4,0,0.0,7.3
2010-09-25,81.0,15.1,11.1,6.7,0.0,0,6.1,11.0
2010-09-26,87.0,14.6,9.2,5.0,1.7,0,5.0,4.7
2010-09-27,95.0,12.4,10.0,9.1,17.6,0,0.0,8.0
2010-09-28,91.0,13.0,11.3,6.0,0.3,0,0.3,6.3
2010-09-29,88.0,13.4,7.9,4.6,0.0,0,2.3,5.8
2010-09-30,86.0,13.8,9.7,4.7,3.1,0,3.5,7.4
2010-10-01,89.0,15.7,12.1,10.4,3.0,0,3.9,7.1
2010-10-02,90.0,15.1,13.0,11.2,0.3,0,0.0,10.2
2010-10-03,76.0,21.7,17.7,14.3,0.0,0,5.9,11.4
2010-10-04,77.0,20.9,16.7,12.2,0.0,0,6.9,9.1
2010-10-05,84.0,20.1,15.5,11.0,0.0,0,4.7,9.5
2010-10-06,84.0,19.6,16.2,13.2,0.0,0,2.2,9.1
2010-10-07,88.0,18.2,15.7,13.4,0.0,0,0.1,7.4
2010-10-08,90.0,17.7,13.5,8.5,0.0,0,1.8,6.9
2010-10-09,77.0,18.7,12.0,6.8,0.0,0,8.4,10.8
2010-10-10,78.0,14.8,9.3,3.9,0.0,0,8.7,9.1
2010-10-11,78.0,14.3,8.1,2.3,0.0,0,8.7,7.6
2010-10-12,92.0,9.4,5.4,2.8,0.0,0,0.1,6.4
2010-10-13,85.0,11.2,6.3,1.8,0.0,0,7.2,7.9
2010-10-14,94.0,11.2,7.0,1.0,0.4,0,0.2,6.8
2010-10-15,93.0,12.6,10.0,8.6,13.9,0,0.4,7.3
2010-10-16,89.0,8.6,7.0,4.6,5.4,0,0.0,12.5
2010-10-17,85.0,8.5,5.4,2.0,0.0,0,0.6,8.1
2010-10-18,84.0,9.9,6.0,0.8,2.2,0,4.8,11.3
2010-10-19,90.0,11.7,7.8,6.1,5.4,0,3.5,11.7
2010-10-20,88.0,9.8,5.8,2.0,3.6,0,4.1,16.6
2010-10-21,80.0,9.3,5.3,2.1,0.3,0,2.1,14.0
2010-10-22,80.0,9.8,7.1,5.1,0.0,0,1.2,11.8
2010-10-23,77.0,8.7,6.8,4.5,2.6,0,2.8,15.9
2010-10-24,86.0,9.4,6.6,2.9,2.5,0,1.6,16.3
2010-10-25,83.0,9.7,5.2,1.8,0.0,0,6.1,9.4
2010-10-26,82.0,9.5,6.3,3.0,0.9,0,2.9,9.2
2010-10-27,82.0,9.9,8.0,5.8,2.6,0,0.0,12.7
2010-10-28,90.0,11.1,9.2,6.9,0.0,0,0.0,10.4
2010-10-29,78.0,13.5,10.0,5.5,0.0,0,5.8,9.6
2010-10-30,78.0,15.1,11.6,7.1,0.8,0,0.1,9.7
2010-10-31,97.0,11.4,8.0,5.1,4.2,0,0.5,6.2
2010-11-01,97.0,7.9,7.3,6.5,0.0,0,0.0,4.8
2010-11-02,90.0,12.4,9.5,6.7,0.1,0,0.4,13.1
2010-11-03,86.0,12.8,11.5,9.8,5.5,0,0.9,15.7
2010-11-04,93.0,14.6,13.8,10.8,12.5,0,0.0,17.9
2010-11-05,93.0,14.6,12.8,9.9,33.1,0,0.0,18.0
2010-11-06,95.0,10.1,8.3,4.7,0.8,0,0.9,8.8
2010-11-07,91.0,7.8,4.3,1.3,0.0,0,3.2,8.3
2010-11-08,85.0,5.9,3.9,2.2,1.3,0,0.4,9.8
2010-11-09,92.0,5.4,4.2,2.5,2.2,0,0.0,9.6
2010-11-10,96.0,6.0,5.0,2.5,6.6,0,0.0,8.5
2010-11-11,89.0,8.4,4.9,2.6,15.3,0,1.7,21.4
2010-11-12,77.0,11.8,9.9,8.1,4.6,0,0.5,20.3
2010-11-13,93.0,11.1,9.8,8.6,6.9,0,0.0,10.4
2010-11-14,90.0,13.9,12.3,8.8,2.1,0,0.0,19.9
2010-11-15,82.0,10.6,7.5,3.4,0.0,0,1.3,13.6
2010-11-16,91.0,8.8,4.7,1.5,0.0,0,4.8,5.8
2010-11-17,87.0,5.6,4.4,3.9,0.5,0,0.4,8.5
2010-11-18,92.0,6.6,4.9,3.8,0.0,0,0.0,4.6
2010-11-19,89.0,7.9,6.3,4.4,0.5,0,0.0,5.2
2010-11-20,88.0,8.8,7.1,5.6,0.0,0,0.0,5.4
2010-11-21,90.0,6.4,4.7,2.9,0.0,0,0.5,10.4
2010-11-22,82.0,5.6,4.4,3.0,0.0,0,0.0,11.5
2010-11-23,90.0,5.6,3.9,2.9,6.6,0,0.0,13.0
2010-11-24,93.0,3.8,1.9,-0.1,0.8,0,0.3,8.4
2010-11-25,91.0,3.1,1.7,-0.8,0.0,0,0.0,5.8
2010-11-26,89.0,0.4,-1.7,-5.1,0.0,0,2.3,4.1
2010-11-27,94.0,-1.1,-3.8,-6.6,0.0,0,1.6,3.8
2010-11-29,88.0,-0.2,-1.7,-3.2,0.7,0,0.0,11.1
2010-11-30,,-0.7,-2.6,-6.0,0.0,2,4.8,12.4
2010-12-01,,,,,0.5,0,,
2010-12-02,,,,,0.4,1,,
2010-12-03,,,,,0.0,3,,
2010-12-04,,,,,10.1,2,,
2010-12-05,,,,,0.0,9,,
2010-12-06,,,,,0.0,7,,
2010-12-07,,,,,0.0,5,,
2010-12-08,,,,,6.2,4,,
2010-12-09,,,,,1.3,10,,
2010-12-10,,,,,10.5,7,,
2010-12-11,,,,,5.4,0,,
2010-12-12,,,,,0.0,0,,
2010-12-13,,,,,4.2,0,,
2010-12-14,,,,,0.2,6,,
2010-12-15,,,,,0.0,5,,
2010-12-16,,,,,10.6,5,,
2010-12-17,,,,,2.9,15,,
2010-12-18,,,,,4.5,19,,
2010-12-19,,,,,3.5,23,,
2010-12-20,,,,,0.0,23,,
2010-12-21,,,,,0.0,20,,
2010-12-22,,,,,3.1,18,,
2010-12-23,,,,,8.0,18,,
2010-12-24,,,,,0.0,20,,
2010-12-26,,,,,0.7,24,,
2010-12-27,,,,,0.0,22,,
2010-12-28,,,,,0.0,20,,
2010-12-29,,,,,0.0,19,,
2010-12-30,,,,,2.0,19,,
2010-12-31,,,,,1.7,18,,
